0,tcp,http,OTH,278,0,0,0,0,25,234,0,0,0,0,1,0,0.89,17,72,1,0,0.4,0.76,0,0,0,0,OaU
0,tcp,http,OTH,60,0,0,0,0,25399,48389,0,0,0,0,1,0,0.48,48,100,1,0,0,0.52,0,0,0,0,DoS
0,udp,other,SF,60,0,0,0,0,28065,27914,0,0,0,0,0.99,0.01,0,100,100,1,0,0,0,0,0,0,0,DoS
0,tcp,http,OTH,60,0,0,0,0,56709,56926,0,0,0,0,1,0,0.01,100,100,1,0,0,0,0,0,0,0,DoS
0,tcp,http,OTH,210,0,0,0,0,425,564,0,0,0,0,0.78,0.22,0.41,62,78,0.79,0.21,0.09,0.37,0,0,0,0,DoS_Gas
0,tcp,http,OTH,54,0,0,0,0,0,68,0,0,0,0,0,0,1,0,68,0,0,0.41,1,0,0,0,0,OaU
0,tcp,http,OTH,60,0,0,0,0,68,107,0,0,0,0,0.87,0.13,0.45,52,87,0.9,0.1,0.05,0.46,0,0,0,0,OaU
0,tcp,http,OTH,54,0,0,0,0,7,183,0,0,0,0,1,0,0.96,7,60,1,0,0.41,0.88,0,0,0,0,OaU
0,tcp,http,OTH,252,0,0,0,0,92,110,0,0,0,0,0.75,0.25,0.37,56,63,0.71,0.29,0.06,0.37,0,0,0,0,BP
0,tcp,http,OTH,283,0,0,0,0,120,128,0,0,0,0,0.62,0.38,0.41,57,90,0.93,0.07,0.07,0.41,0,0,0,0,FoT
0,tcp,http,OTH,578,0,0,0,0,16,160,0,0,0,0,1,0,0.9,16,93,1,0,0.43,0.83,0,0,0,0,OaU
0,tcp,http,S1,60,58,0,0,0,14125,14214,0.98,0.97,0,0,0.99,0.01,0.01,100,100,1,0,0,0,1,1,0,0,DoS
0,tcp,http,OTH,54,0,0,0,0,128,324,0,0,0,0,0.5,0.5,0.8,31,55,0.71,0.29,0.45,0.6,0,0,0,0,FoT
0,tcp,http,OTH,283,0,0,0,0,3,2,0,0,0,0,0.67,0.33,0,3,2,0.67,0.33,0,0,0,0,0,0,BP
0,tcp,http,OTH,278,0,0,0,0,51,111,0,0,0,0,0.24,0.76,0.89,27,58,0.44,0.56,0.47,0.79,0,0,0,0,FoT
0,tcp,http,S1,60,58,0,0,0,40575,40613,0.99,0.99,0,0,1,0,0,100,100,1,0,0,0,1,1,0,0,DoS
0,tcp,http,OTH,283,0,0,0,0,212,328,0,0,0,0,0.93,0.07,0.4,60,94,0.93,0.07,0.02,0.4,0,0,0,0,DoS_Gas
0,tcp,http,OTH,60,0,0,0,0,257,323,0,0,0,0,0.71,0.29,0.44,48,80,0.85,0.15,0.06,0.49,0,0,0,0,BP
0,udp,other,SF,60,0,0,0,0,48890,48384,0,0,0,0,0.99,0.01,0,100,100,1,0,0,0,0,0,0,0,DoS
0,tcp,http,OTH,210,0,0,0,0,88,112,0,0,0,0,0.67,0.33,0.47,53,78,0.75,0.25,0.01,0.49,0,0,0,0,FoT
0,tcp,http,OTH,283,0,0,0,0,348,422,0,0,0,0,0.74,0.26,0.39,62,88,0.94,0.06,0,0.34,0,0,0,0,FoT
0,tcp,http,OTH,210,0,0,0,0,213,279,0,0,0,0,0.79,0.21,0.4,43,43,0.56,0.44,0.02,0.44,0,0,0,0,FoT
0,udp,other,SF,60,0,0,0,0,51130,51020,0,0,0,0,0.99,0.01,0,100,100,1,0,0,0,0,0,0,0,DoS
0,tcp,http,OTH,210,0,0,0,0,319,431,0,0,0,0,0.8,0.2,0.41,53,83,0.85,0.15,0.01,0.46,0,0,0,0,OaU
0,tcp,http,OTH,60,0,0,0,0,475,693,0,0,0,0,0.86,0.14,0.41,61,92,0.93,0.07,0.13,0.38,0,0,0,0,DoS_Gas
0,tcp,http,OTH,60,0,0,0,0,14404,27324,0,0,0,0,1,0,0.48,51,100,1,0,0,0.49,0,0,0,0,DoS
0,tcp,http,S1,60,58,0,0,0,32280,36329,0.99,0.88,0,0,1,0,0.11,100,100,1,0,0,0,1,1,0,0,DoS
0,tcp,http,OTH,54,0,0,0,0,24,195,0,0,0,0,1,0,0.88,4,60,1,0,0.33,0.93,0,0,0,0,DoS_Gas
0,tcp,http,OTH,60,0,0,0,0,31395,31490,0,0,0,0,1,0,0,100,100,1,0,0,0,0,0,0,0,DoS
0,tcp,http,OTH,60,0,0,0,0,344,372,0,0,0,0,0.64,0.36,0.41,48,43,0.58,0.42,0,0.35,0,0,0,0,DoS_Gas
0,tcp,http,OTH,54,0,0,0,0,52,340,0,0,0,0,1,0,0.85,20,82,1,0,0.43,0.76,0,0,0,0,DoS_Gas
0,tcp,http,OTH,278,0,0,0,0,78,385,0,0,0,0,1,0,0.8,16,82,1,0,0.4,0.8,0,0,0,0,FoT
0,tcp,http,OTH,60,0,0,0,0,32788,32845,0,0,0,0,1,0,0,100,100,1,0,0,0,0,0,0,0,DoS
0,tcp,http,OTH,278,0,0,0,0,132,245,0,0,0,0,0.28,0.72,0.85,29,63,0.31,0.69,0.39,0.86,0,0,0,0,FoT
0,tcp,http,OTH,283,0,0,0,0,139,145,0,0,0,0,0.61,0.39,0.41,57,69,0.7,0.3,0.07,0.42,0,0,0,0,FoT
0,tcp,http,S1,60,58,0,0,0,4741,6877,0.91,0.63,0,0,0.98,0.02,0.33,100,100,1,0,0,0,1,1,0,0,DoS
0,tcp,http,OTH,58,0,0,0,0,0,1189,0,0,0,0,0,0,1,0,100,0,0,0.99,1,0,0,0,0,DoS
0,tcp,http,OTH,283,0,0,0,0,42,53,0,0,0,0,0.71,0.29,0.43,42,53,0.71,0.29,0.15,0.43,0,0,0,0,FoT
0,udp,other,SF,60,0,0,0,0,1157,1038,0,0,0,0,0.82,0.18,0.09,100,100,1,0,0,0,0,0,0,0,DoS
0,tcp,http,OTH,278,0,0,0,0,213,900,0,0,0,0,0.52,0.48,0.88,6,91,0.83,0.17,0.41,0.95,0,0,0,0,FoT
0,udp,other,SF,60,0,0,0,0,3936,3689,0,0,0,0,0.9,0.1,0.04,77,77,1,0,0,0,0,0,0,0,DoS
0,tcp,http,OTH,283,0,0,0,0,261,326,0,0,0,0,0.61,0.39,0.52,49,26,0.39,0.61,0,0.27,0,0,0,0,DoS_Gas
0,tcp,http,OTH,283,0,0,0,0,489,634,0,0,0,0,0.79,0.21,0.39,61,92,0.93,0.07,0,0.38,0,0,0,0,DoS_Gas
0,tcp,http,OTH,60,0,0,0,0,65938,66078,0,0,0,0,1,0,0,100,100,1,0,0,0,0,0,0,0,DoS
0,tcp,http,OTH,283,0,0,0,0,906,1314,0,0,0,0,0.84,0.16,0.42,50,97,0.98,0.02,0.04,0.49,0,0,0,0,FoT
0,tcp,http,OTH,283,0,0,0,0,568,806,0,0,0,0,0.81,0.19,0.43,53,94,0.94,0.06,0,0.47,0,0,0,0,DoS_Gas
0,tcp,http,S1,60,58,0,0,0,8577,10569,0.97,0.78,0,0,0.99,0.01,0.2,98,97,0.99,0.01,0,0,0.99,1,0,0,DoS
0,tcp,http,OTH,60,0,0,0,0,11596,11559,0,0,0,0,1,0,0,100,100,1,0,0,0,0,0,0,0,DoS
0,tcp,http,OTH,54,0,0,0,0,90,299,0,0,0,0,0.44,0.56,0.87,28,75,0.43,0.57,0.38,0.84,0,0,0,0,DoS_Gas
0,tcp,http,OTH,54,0,0,0,0,24,67,0,0,0,0,0.88,0.12,0.69,24,67,0.88,0.12,0.41,0.69,0,0,0,0,DoS_Gas
0,tcp,http,OTH,355,0,0,0,0,11,13,0,0,0,0,0.64,0.36,0.46,11,13,0.64,0.36,0.36,0.46,0,0,0,0,FoT
0,tcp,http,OTH,283,0,0,0,0,551,813,0,0,0,0,0.88,0.12,0.41,51,94,0.94,0.06,0.06,0.49,0,0,0,0,DoS_Gas
0,tcp,http,OTH,283,0,0,0,0,239,348,0,0,0,0,0.85,0.15,0.42,51,54,0.71,0.29,0.02,0.33,0,0,0,0,FoT
0,tcp,http,OTH,54,0,0,0,0,11,379,0,0,0,0,1,0,0.97,9,71,1,0,0.38,0.87,0,0,0,0,OaU
0,udp,other,SF,60,0,0,0,0,2319,2192,0,0,0,0,0.91,0.09,0.04,84,84,1,0,0,0,0,0,0,0,DoS
0,tcp,http,OTH,283,0,0,0,0,115,120,0,0,0,0,0.62,0.38,0.41,53,58,0.6,0.4,0.15,0.45,0,0,0,0,FoT
0,tcp,http,OTH,283,0,0,0,0,228,217,0,0,0,0,0.55,0.45,0.42,43,65,0.72,0.28,0,0.52,0,0,0,0,DoS_Gas
0,tcp,http,OTH,283,0,0,0,0,227,244,0,0,0,0,0.63,0.37,0.41,34,29,0.44,0.56,0.07,0.48,0,0,0,0,FoT
0,tcp,http,OTH,60,0,0,0,0,2734,2731,0,0,0,0,1,0,0,100,100,1,0,0,0,0,0,0,0,DoS
0,tcp,http,OTH,210,0,0,0,0,123,133,0,0,0,0,0.62,0.38,0.43,50,43,0.5,0.5,0.09,0.42,0,0,0,0,DoS_Gas
0,tcp,http,OTH,283,0,0,0,0,566,796,0,0,0,0,0.82,0.18,0.42,56,85,0.82,0.18,0.08,0.46,0,0,0,0,DoS_Gas
0,tcp,http,OTH,283,0,0,0,0,256,333,0,0,0,0,0.8,0.2,0.38,51,84,0.82,0.18,0,0.5,0,0,0,0,OaU
0,tcp,http,OTH,194,0,0,0,0,338,523,0,0,0,0,0.95,0.05,0.39,62,92,0.92,0.08,0.03,0.38,0,0,0,0,DoS_Gas
0,tcp,http,OTH,278,0,0,0,0,95,362,0,0,0,0,1,0,0.74,53,99,1,0,0.53,0.46,0,0,0,0,DoS_Gas
0,tcp,http,OTH,210,0,0,0,0,307,423,0,0,0,0,0.84,0.16,0.39,59,76,0.78,0.22,0.01,0.39,0,0,0,0,OaU
0,tcp,http,OTH,60,0,0,0,0,172,207,0,0,0,0,0.72,0.28,0.4,49,43,0.47,0.53,0.05,0.47,0,0,0,0,DoS_Gas
0,tcp,http,OTH,54,0,0,0,0,55,142,0,0,0,0,0.31,0.69,0.88,31,37,0.1,0.9,0.34,0.92,0,0,0,0,FoT
0,tcp,http,S1,60,58,0,0,0,38469,38475,0.99,0.99,0,0,1,0,0,100,100,1,0,0,0,1,1,0,0,DoS
0,tcp,http,OTH,60,0,0,0,0,12297,12255,0,0,0,0,1,0,0,100,100,1,0,0,0,0,0,0,0,DoS
0,tcp,http,OTH,54,0,0,0,0,2,85,0,0,0,0,1,0,0.98,2,68,1,0,0.46,0.97,0,0,0,0,DoS_Gas
0,tcp,http,OTH,60,0,0,0,0,243,321,0,0,0,0,0.79,0.21,0.4,57,74,0.77,0.23,0.03,0.41,0,0,0,0,DoS_Gas
0,tcp,http,OTH,283,0,0,0,0,341,465,0,0,0,0,0.83,0.17,0.39,61,92,0.95,0.05,0.03,0.37,0,0,0,0,DoS_Gas
0,tcp,http,OTH,579,0,0,0,0,102,449,0,0,0,0,1,0,0.77,32,100,1,0,0.46,0.68,0,0,0,0,OaU
0,tcp,http,OTH,54,0,0,0,0,6,21,0,0,0,0,1,0,0.71,6,21,1,0,0.41,0.71,0,0,0,0,FoT
0,tcp,http,OTH,54,0,0,0,0,26,156,0,0,0,0,1,0,0.83,10,74,1,0,0.41,0.86,0,0,0,0,DoS_Gas
0,tcp,http,OTH,278,0,0,0,0,42,64,0,0,0,0,0.5,0.5,0.67,42,54,0.5,0.5,0.38,0.61,0,0,0,0,FoT
0,tcp,http,OTH,278,0,0,0,0,116,163,0,0,0,0,0.29,0.71,0.79,26,60,0.46,0.54,0.38,0.8,0,0,0,0,FoT
0,tcp,http,OTH,210,0,0,0,0,330,365,0,0,0,0,0.66,0.34,0.41,56,79,0.8,0.2,0.05,0.43,0,0,0,0,DoS_Gas
0,tcp,http,OTH,210,0,0,0,0,198,209,0,0,0,0,0.64,0.36,0.4,56,71,0.79,0.21,0.04,0.38,0,0,0,0,FoT
0,tcp,http,OTH,283,0,0,0,0,13,11,0,0,0,0,0.85,0.15,0,13,11,0.85,0.15,0,0,0,0,0,0,FoT
0,tcp,http,S1,60,58,0,0,0,39660,41635,0.99,0.94,0,0,1,0,0.05,100,100,1,0,0,0,1,1,0,0,DoS
0,tcp,http,OTH,210,0,0,0,0,7,12,0,0,0,0,1,0,0.42,7,12,1,0,0.08,0.42,0,0,0,0,DoS_Gas
0,tcp,http,OTH,278,0,0,0,0,179,664,0,0,0,0,0.44,0.56,0.88,28,51,0.25,0.75,0.35,0.86,0,0,0,0,FoT
0,tcp,http,OTH,252,0,0,0,0,41,19,0,0,0,0,0.29,0.71,0.37,41,19,0.29,0.71,0.2,0.37,0,0,0,0,BP
0,tcp,http,OTH,252,0,0,0,0,113,98,0,0,0,0,0.51,0.49,0.41,55,38,0.4,0.6,0.13,0.42,0,0,0,0,BP
0,tcp,http,S1,60,58,0,0,0,33605,35693,0.99,0.93,0,0,0.99,0.01,0.06,100,100,1,0,0,0,1,1,0,0,DoS
0,udp,other,SF,60,0,0,0,0,77830,77863,0,0,0,0,1,0,0,72,74,1,0,0,0.03,0,0.01,0,0,DoS
0,tcp,http,OTH,278,0,0,0,0,83,165,0,0,0,0,0.25,0.75,0.87,33,54,0.33,0.67,0.44,0.8,0,0,0,0,FoT
0,tcp,http,OTH,60,0,0,0,0,160,210,0,0,0,0,0.79,0.21,0.4,56,85,0.84,0.16,0,0.45,0,0,0,0,FoT
0,tcp,http,OTH,54,0,0,0,0,53,225,0,0,0,0,1,0,0.76,16,90,1,0,0.41,0.82,0,0,0,0,OaU
0,tcp,http,OTH,194,0,0,0,0,356,515,0,0,0,0,0.85,0.15,0.42,56,96,0.96,0.04,0.03,0.44,0,0,0,0,DoS_Gas
0,tcp,http,OTH,210,0,0,0,0,254,263,0,0,0,0,0.63,0.37,0.4,46,39,0.54,0.46,0.1,0.36,0,0,0,0,FoT
0,tcp,http,OTH,54,0,0,0,0,0,10,0,0,0,0,0,0,1,0,10,0,0,0.18,1,0,0,0,0,FoT
0,tcp,http,OTH,283,0,0,0,0,206,232,0,0,0,0,0.67,0.33,0.4,56,71,0.73,0.27,0.12,0.42,0,0,0,0,FoT
0,tcp,http,OTH,54,0,0,0,0,123,600,0,0,0,0,1,0,0.8,9,91,1,0,0.38,0.9,0,0,0,0,FoT
0,tcp,http,OTH,278,0,0,0,0,3,222,0,0,0,0,1,0,0.99,3,38,1,0,0.36,0.92,0,0,0,0,OaU
0,tcp,http,OTH,277,0,0,0,0,10,36,0,0,0,0,1,0,0.72,10,36,1,0,0.43,0.72,0,0,0,0,OaU
0,tcp,http,OTH,54,0,0,0,0,8,123,0,0,0,0,1,0,0.93,2,68,1,0,0.35,0.97,0,0,0,0,BP
0,tcp,http,OTH,283,0,0,0,0,261,381,0,0,0,0,0.85,0.15,0.42,50,96,0.96,0.04,0.04,0.5,0,0,0,0,DoS_Gas
0,tcp,http,S1,60,58,0,0,0,47492,47635,0.99,0.99,0,0,1,0,0.01,100,100,1,0,0,0,1,1,0,0,DoS
0,tcp,http,OTH,279,0,0,0,0,25,189,0,0,0,0,1,0,0.87,17,93,1,0,0.45,0.82,0,0,0,0,FoT
0,tcp,http,S1,60,58,0,0,0,8018,10128,0.94,0.74,0,0,0.98,0.02,0.22,100,100,1,0,0,0,1,1,0,0,DoS
0,tcp,http,OTH,210,0,0,0,0,455,681,0,0,0,0,0.88,0.12,0.41,60,92,0.97,0.03,0.02,0.37,0,0,0,0,FoT
0,tcp,http,OTH,278,0,0,0,0,26,126,0,0,0,0,1,0,0.79,26,60,1,0,0.43,0.57,0,0,0,0,OaU
0,tcp,http,OTH,579,0,0,0,0,37,193,0,0,0,0,1,0,0.81,11,38,1,0,0.44,0.71,0,0,0,0,DoS_Gas
0,tcp,http,OTH,60,0,0,0,0,394,504,0,0,0,0,0.74,0.26,0.42,51,81,0.82,0.18,0.07,0.48,0,0,0,0,FoT
0,tcp,http,OTH,278,0,0,0,0,8,13,0,0,0,0,0.62,0.38,0.62,8,13,0.62,0.38,0.36,0.62,0,0,0,0,DoS_Gas
0,tcp,http,OTH,54,0,0,0,0,68,510,0,0,0,0,1,0,0.87,7,79,1,0,0.47,0.91,0,0,0,0,DoS_Gas
0,tcp,http,OTH,54,0,0,0,0,13,204,0,0,0,0,1,0,0.94,13,71,1,0,0.42,0.82,0,0,0,0,OaU
0,tcp,http,OTH,278,0,0,0,0,102,301,0,0,0,0,1,0,0.66,38,86,1,0,0.44,0.56,0,0,0,0,OaU
0,udp,other,SF,60,0,0,0,0,74802,74814,0,0,0,0,1,0,0,100,100,1,0,0,0,0,0,0,0,DoS
0,tcp,http,OTH,283,0,0,0,0,240,319,0,0,0,0,0.76,0.24,0.43,46,76,0.83,0.17,0,0.5,0,0,0,0,FoT
0,tcp,http,OTH,60,0,0,0,0,100,104,0,0,0,0,0.65,0.35,0.38,53,40,0.53,0.47,0.15,0.3,0,0,0,0,BP
0,tcp,http,OTH,283,0,0,0,0,520,756,0,0,0,0,0.88,0.12,0.39,55,97,0.98,0.02,0.02,0.44,0,0,0,0,FoT
0,tcp,http,OTH,210,0,0,0,0,116,164,0,0,0,0,0.86,0.14,0.39,54,71,0.81,0.19,0.07,0.38,0,0,0,0,FoT
0,tcp,http,OTH,210,0,0,0,0,218,239,0,0,0,0,0.68,0.32,0.38,51,53,0.69,0.31,0.11,0.34,0,0,0,0,DoS_Gas
0,udp,other,SF,60,0,0,0,0,47214,47054,0,0,0,0,0.99,0.01,0.01,92,92,1,0,0,0,0,0,0,0,DoS
0,tcp,http,OTH,283,0,0,0,0,229,319,0,0,0,0,0.86,0.14,0.38,62,85,0.89,0.11,0,0.35,0,0,0,0,OaU
0,tcp,http,S1,60,58,0,0,0,81302,81296,1,1,0,0,1,0,0,100,100,1,0,0,0,1,1,0,0,DoS
0,tcp,http,OTH,283,0,0,0,0,174,239,0,0,0,0,0.85,0.15,0.38,56,62,0.77,0.23,0.03,0.31,0,0,0,0,OaU
0,tcp,http,OTH,54,0,0,0,0,45,294,0,0,0,0,1,0,0.85,13,80,1,0,0.37,0.84,0,0,0,0,OaU
0,udp,other,SF,60,0,0,0,0,73059,73120,0,0,0,0,1,0,0,100,100,1,0,0,0,0,0,0,0,DoS
0,tcp,http,OTH,54,0,0,0,0,32,155,0,0,0,0,0.5,0.5,0.9,20,61,0.8,0.2,0.5,0.74,0,0,0,0,FoT
0,udp,other,SF,60,0,0,0,0,84123,84017,0,0,0,0,1,0,0,100,100,1,0,0,0,0,0,0,0,DoS
0,tcp,http,OTH,54,0,0,0,0,48,119,0,0,0,0,0.54,0.46,0.78,24,39,0.25,0.75,0.28,0.85,0,0,0,0,FoT
0,tcp,http,OTH,210,0,0,0,0,282,319,0,0,0,0,0.67,0.33,0.41,55,75,0.8,0.2,0.18,0.41,0,0,0,0,FoT
0,udp,other,SF,60,0,0,0,0,40712,40735,0,0,0,0,1,0,0,100,100,1,0,0,0,0,0,0,0,DoS
0,udp,other,SF,60,0,0,0,0,28464,28339,0,0,0,0,0.99,0.01,0,100,100,1,0,0,0,0,0,0,0,DoS
0,tcp,http,OTH,54,0,0,0,0,12,82,0,0,0,0,1,0,0.85,12,66,1,0,0.42,0.82,0,0,0,0,OaU
0,tcp,http,OTH,60,0,0,0,0,29106,29109,0,0,0,0,1,0,0,99,100,1,0,0,0.01,0,0,0,0,DoS
0,tcp,http,OTH,54,0,0,0,0,0,13194,0,0,0,0,0,0,1,0,100,0,0,0.48,1,0,0,0,0,DoS
0,tcp,http,OTH,278,0,0,0,0,1,3,0,0,0,0,1,0,0.67,1,3,1,0,0.25,0.67,0,0,0,0,FoT
0,tcp,http,OTH,210,0,0,0,0,185,215,0,0,0,0,0.66,0.34,0.43,54,54,0.59,0.41,0.11,0.41,0,0,0,0,FoT
0,tcp,http,OTH,54,0,0,0,0,6,12,0,0,0,0,1,0,0.5,6,12,1,0,0.46,0.5,0,0,0,0,OaU
0,tcp,http,OTH,278,0,0,0,0,61,274,0,0,0,0,0.15,0.85,0.97,23,53,0.04,0.96,0.46,0.98,0,0,0,0,DoS_Gas
0,udp,other,SF,60,0,0,0,0,55528,55435,0,0,0,0,1,0,0,100,100,1,0,0,0,0,0,0,0,DoS
0,tcp,http,OTH,210,0,0,0,0,176,202,0,0,0,0,0.68,0.32,0.41,54,87,0.87,0.13,0.01,0.46,0,0,0,0,OaU
0,udp,other,SF,60,0,0,0,0,38219,38094,0,0,0,0,0.99,0.01,0,84,84,1,0,0,0,0,0,0,0,DoS
0,tcp,http,OTH,54,0,0,0,0,10,226,0,0,0,0,1,0,0.96,4,69,1,0,0.33,0.94,0,0,0,0,BP
0,tcp,http,OTH,60,0,0,0,0,11856,22554,0,0,0,0,1,0,0.48,49,100,1,0,0,0.51,0,0,0,0,DoS
0,tcp,http,OTH,283,0,0,0,0,323,384,0,0,0,0,0.73,0.27,0.39,59,80,0.83,0.17,0.07,0.39,0,0,0,0,DoS_Gas
0,tcp,http,OTH,54,0,0,0,0,27,202,0,0,0,0,1,0,0.87,11,65,1,0,0.42,0.83,0,0,0,0,DoS_Gas
0,udp,other,SF,60,0,0,0,0,13230,13138,0,0,0,0,0.98,0.02,0.01,100,100,1,0,0,0,0,0,0,0,DoS
0,tcp,http,OTH,60,0,0,0,0,395,549,0,0,0,0,0.84,0.16,0.4,60,93,0.95,0.05,0,0.39,0,0,0,0,FoT
0,tcp,http,OTH,283,0,0,0,0,96,121,0,0,0,0,0.71,0.29,0.44,59,67,0.66,0.34,0,0.42,0,0,0,0,OaU
0,tcp,http,OTH,283,0,0,0,0,313,500,0,0,0,0,0.91,0.09,0.43,52,100,1,0,0.08,0.48,0,0,0,0,DoS_Gas
0,tcp,http,OTH,210,0,0,0,0,33,48,0,0,0,0,0.85,0.15,0.42,33,48,0.85,0.15,0.02,0.42,0,0,0,0,FoT
0,tcp,http,OTH,60,0,0,0,0,5863,5883,0,0,0,0,1,0,0.01,99,99,1,0,0,0,0,0,0,0,DoS
0,udp,other,SF,60,0,0,0,0,6624,6607,0,0,0,0,0.98,0.02,0.02,100,100,1,0,0,0,0,0,0,0,DoS
0,udp,other,SF,60,0,0,0,0,37427,37386,0,0,0,0,0.99,0.01,0.01,100,100,1,0,0,0,0,0,0,0,DoS
0,tcp,http,OTH,283,0,0,0,0,456,691,0,0,0,0,0.89,0.11,0.41,55,88,0.89,0.11,0,0.44,0,0,0,0,DoS_Gas
0,tcp,http,OTH,210,0,0,0,0,141,143,0,0,0,0,0.57,0.43,0.44,54,84,0.85,0.15,0.01,0.45,0,0,0,0,FoT
0,tcp,http,OTH,54,0,0,0,0,99,227,0,0,0,0,0.16,0.84,0.93,17,45,0,1,0.35,1,0,0,0,0,FoT
0,tcp,http,S1,60,58,0,0,0,23166,27217,0.98,0.83,0,0,0.99,0.01,0.15,100,100,1,0,0,0,1,1,0,0,DoS
0,udp,other,SF,60,0,0,0,0,2200,1887,0,0,0,0,0.77,0.23,0.1,100,100,1,0,0,0,0,0,0,0,DoS
0,udp,other,SF,60,0,0,0,0,44044,44055,0,0,0,0,1,0,0,100,100,1,0,0,0,0,0,0,0,DoS
0,tcp,http,OTH,60,0,0,0,0,999,1905,0,0,0,0,0.99,0.01,0.48,54,100,1,0,0,0.46,0,0,0,0,DoS
0,tcp,http,OTH,54,0,0,0,0,134,234,0,0,0,0,0.34,0.66,0.8,38,32,0.32,0.68,0.36,0.62,0,0,0,0,FoT
0,tcp,http,OTH,252,0,0,0,0,30,39,0,0,0,0,0.77,0.23,0.41,30,39,0.77,0.23,0.05,0.41,0,0,0,0,BP
0,tcp,http,OTH,60,0,0,0,0,18471,35145,0,0,0,0,1,0,0.48,52,100,1,0,0,0.48,0,0,0,0,DoS
0,tcp,http,OTH,283,0,0,0,0,365,513,0,0,0,0,0.82,0.18,0.42,56,87,0.86,0.14,0,0.45,0,0,0,0,OaU
0,tcp,http,OTH,283,0,0,0,0,822,1346,0,0,0,0,0.95,0.05,0.42,53,100,1,0,0.12,0.47,0,0,0,0,DoS_Gas
0,tcp,http,OTH,60,0,0,0,0,128,201,0,0,0,0,0.81,0.19,0.48,50,91,0.94,0.06,0,0.48,0,0,0,0,OaU
0,udp,other,SF,60,0,0,0,0,15704,15414,0,0,0,0,0.97,0.03,0.01,100,100,1,0,0,0,0,0,0,0,DoS
0,tcp,http,OTH,278,0,0,0,0,64,404,0,0,0,0,1,0,0.84,8,86,1,0,0.39,0.91,0,0,0,0,FoT
0,udp,other,SF,60,0,0,0,0,82835,82798,0,0,0,0,1,0,0,100,100,1,0,0,0,0,0,0,0,DoS
0,tcp,http,OTH,210,0,0,0,0,295,349,0,0,0,0,0.68,0.32,0.43,56,52,0.64,0.36,0.02,0.31,0,0,0,0,DoS_Gas
0,udp,other,SF,60,0,0,0,0,32579,32601,0,0,0,0,0.99,0.01,0.01,100,100,1,0,0,0,0,0,0,0,DoS
0,tcp,http,OTH,283,0,0,0,0,105,127,0,0,0,0,0.68,0.32,0.44,50,86,0.88,0.12,0,0.49,0,0,0,0,OaU
0,tcp,http,OTH,283,0,0,0,0,251,233,0,0,0,0,0.57,0.43,0.39,62,81,0.84,0.16,0.01,0.36,0,0,0,0,BP
0,tcp,http,OTH,60,0,0,0,0,313,461,0,0,0,0,0.9,0.1,0.39,60,99,1,0,0.02,0.39,0,0,0,0,FoT
0,tcp,http,OTH,278,0,0,0,0,20,128,0,0,0,0,1,0,0.84,5,57,1,0,0.33,0.91,0,0,0,0,DoS_Gas
0,tcp,http,OTH,54,0,0,0,0,18,468,0,0,0,0,1,0,0.96,4,80,1,0,0.4,0.95,0,0,0,0,BP
0,tcp,http,OTH,54,0,0,0,0,38,120,0,0,0,0,0.37,0.63,0.88,11,92,0.91,0.09,0.49,0.89,0,0,0,0,DoS_Gas
0,tcp,http,OTH,210,0,0,0,0,49,66,0,0,0,0,0.76,0.24,0.44,49,66,0.76,0.24,0.01,0.44,0,0,0,0,FoT
0,tcp,http,OTH,278,0,0,0,0,17,35,0,0,0,0,1,0,0.51,17,35,1,0,0.47,0.51,0,0,0,0,DoS_Gas
0,tcp,http,OTH,210,0,0,0,0,353,522,0,0,0,0,0.87,0.13,0.41,54,96,0.96,0.04,0.01,0.46,0,0,0,0,FoT
0,tcp,http,OTH,54,0,0,0,0,28,163,0,0,0,0,0.93,0.07,0.84,26,96,1,0,0.43,0.73,0,0,0,0,FoT
0,tcp,http,S1,60,58,0,0,0,46931,48923,0.99,0.95,0,0,1,0,0.04,100,100,1,0,0,0,1,1,0,0,DoS
0,udp,other,SF,60,0,0,0,0,52817,52799,0,0,0,0,1,0,0,100,100,1,0,0,0,0,0,0,0,DoS
0,tcp,http,OTH,283,0,0,0,0,279,367,0,0,0,0,0.78,0.22,0.41,60,61,0.65,0.35,0,0.36,0,0,0,0,DoS_Gas
0,tcp,http,OTH,283,0,0,0,0,275,310,0,0,0,0,0.68,0.32,0.4,46,58,0.72,0.28,0.14,0.43,0,0,0,0,DoS_Gas
0,tcp,http,OTH,278,0,0,0,0,21,385,0,0,0,0,1,0,0.95,21,90,1,0,0.4,0.77,0,0,0,0,OaU
0,tcp,http,OTH,210,0,0,0,0,247,310,0,0,0,0,0.75,0.25,0.4,61,67,0.67,0.33,0.01,0.39,0,0,0,0,FoT
0,tcp,http,OTH,54,0,0,0,0,140,412,0,0,0,0,0.56,0.44,0.81,34,80,0.82,0.18,0.4,0.65,0,0,0,0,FoT
0,tcp,http,OTH,320,0,0,0,0,5,181,0,0,0,0,1,0,0.97,3,80,1,0,0.36,0.96,0,0,0,0,BP
0,tcp,http,S1,60,58,0,0,0,37287,37434,0.98,0.98,0,0,1,0,0.01,100,99,0.99,0.01,0,0,0.99,1,0,0,DoS
0,tcp,http,S1,60,58,0,0,0,37779,39922,0.99,0.94,0,0,1,0,0.06,100,100,1,0,0,0,1,1,0,0,DoS
0,tcp,http,OTH,283,0,0,0,0,323,342,0,0,0,0,0.61,0.39,0.42,58,77,0.72,0.28,0,0.45,0,0,0,0,DoS_Gas
0,tcp,http,OTH,278,0,0,0,0,5,10,0,0,0,0,0.8,0.2,0.6,5,10,0.8,0.2,0.36,0.6,0,0,0,0,DoS_Gas
0,tcp,http,OTH,278,0,0,0,0,1,5,0,0,0,0,1,0,0.8,1,5,1,0,0.33,0.8,0,0,0,0,FoT
0,tcp,http,OTH,60,0,0,0,0,22843,22951,0,0,0,0,1,0,0.01,93,98,1,0,0,0.05,0,0,0,0,DoS
0,tcp,http,OTH,575,0,0,0,0,28,607,0,0,0,0,1,0,0.95,1,63,1,0,0.28,0.98,0,0,0,0,FoT
0,tcp,http,OTH,278,0,0,0,0,36,109,0,0,0,0,0.53,0.47,0.83,9,80,0.78,0.22,0.35,0.91,0,0,0,0,FoT
0,tcp,http,OTH,60,0,0,0,0,232,197,0,0,0,0,0.54,0.46,0.37,53,54,0.62,0.38,0.05,0.39,0,0,0,0,BP
0,tcp,http,OTH,210,0,0,0,0,283,305,0,0,0,0,0.65,0.35,0.4,43,46,0.58,0.42,0.02,0.46,0,0,0,0,FoT
0,tcp,http,OTH,283,0,0,0,0,144,169,0,0,0,0,0.68,0.32,0.42,62,60,0.61,0.39,0.11,0.37,0,0,0,0,BP
0,tcp,http,OTH,60,0,0,0,0,75,55,0,0,0,0,0.41,0.59,0.44,44,30,0.34,0.66,0.19,0.5,0,0,0,0,DoS_Gas
0,tcp,http,OTH,60,0,0,0,0,4957,4942,0,0,0,0,1,0,0,100,100,1,0,0,0,0,0,0,0,DoS
0,tcp,http,OTH,54,0,0,0,0,24,92,0,0,0,0,0.62,0.38,0.84,15,77,0.73,0.27,0.38,0.86,0,0,0,0,FoT
0,udp,other,SF,60,0,0,0,0,66155,66070,0,0,0,0,1,0,0,100,100,1,0,0,0,0,0,0,0,DoS
0,tcp,http,OTH,427,0,0,0,0,145,174,0,0,0,0,0.67,0.33,0.44,56,75,0.79,0.21,0.04,0.41,0,0,0,0,DoS_Gas
0,tcp,http,OTH,60,0,0,0,0,34015,34054,0,0,0,0,1,0,0,100,100,1,0,0,0,0,0,0,0,DoS
0,tcp,http,OTH,278,0,0,0,0,45,170,0,0,0,0,1,0,0.74,21,61,1,0,0.35,0.66,0,0,0,0,DoS_Gas
0,tcp,http,OTH,210,0,0,0,0,250,330,0,0,0,0,0.81,0.19,0.38,61,87,0.84,0.16,0.01,0.41,0,0,0,0,OaU
0,tcp,http,OTH,321,0,0,0,0,1,102,0,0,0,0,1,0,0.99,1,49,1,0,0.34,0.98,0,0,0,0,BP
0,tcp,http,OTH,210,0,0,0,0,11,16,0,0,0,0,0.82,0.18,0.44,11,16,0.82,0.18,0.06,0.44,0,0,0,0,FoT
0,tcp,http,OTH,60,0,0,0,0,72,48,0,0,0,0,0.54,0.46,0.19,67,45,0.55,0.45,0,0.18,0,0,0,0,FoT
0,tcp,http,OTH,283,0,0,0,0,37,33,0,0,0,0,0.51,0.49,0.42,37,33,0.51,0.49,0.06,0.42,0,0,0,0,OaU
0,udp,other,SF,60,0,0,0,0,20460,20321,0,0,0,0,0.99,0.01,0.01,100,100,1,0,0,0,0,0,0,0,DoS
0,tcp,http,S1,60,0,0,0,0,41796,43775,0.99,0.94,0,0,0.99,0.01,0.05,100,100,1,0,0,0,1,1,0,0,DoS
0,tcp,http,OTH,60,0,0,0,0,7,5,0,0,0,0,0.43,0.57,0.4,7,5,0.43,0.57,0,0.4,0,0,0,0,DoS_Gas
0,tcp,http,OTH,276,0,0,0,0,11,33,0,0,0,0,1,0,0.67,11,29,1,0,0.43,0.62,0,0,0,0,DoS_Gas
0,tcp,http,OTH,194,0,0,0,0,338,444,0,0,0,0,0.79,0.21,0.4,59,67,0.68,0.32,0.1,0.4,0,0,0,0,DoS_Gas
0,tcp,http,OTH,54,0,0,0,0,22,155,0,0,0,0,1,0,0.86,12,86,1,0,0.45,0.86,0,0,0,0,DoS_Gas
0,tcp,http,OTH,278,0,0,0,0,10,132,0,0,0,0,1,0,0.92,10,94,1,0,0.49,0.89,0,0,0,0,OaU
0,tcp,http,OTH,210,0,0,0,0,95,117,0,0,0,0,0.78,0.22,0.37,57,66,0.75,0.25,0.01,0.35,0,0,0,0,OaU
0,tcp,http,OTH,278,0,0,0,0,9,62,0,0,0,0,1,0,0.85,9,54,1,0,0.44,0.83,0,0,0,0,FoT
0,tcp,http,OTH,210,0,0,0,0,270,367,0,0,0,0,0.84,0.16,0.38,56,88,0.91,0.09,0.01,0.42,0,0,0,0,OaU
0,tcp,http,OTH,54,0,0,0,0,247,860,0,0,0,0,0.56,0.44,0.84,35,76,0.51,0.49,0.43,0.76,0,0,0,0,FoT
0,tcp,http,OTH,54,0,0,0,0,163,203,0,0,0,0,0.17,0.83,0.86,33,43,0.3,0.7,0.41,0.77,0,0,0,0,DoS_Gas
0,udp,other,SF,60,0,0,0,0,11012,10921,0,0,0,0,0.98,0.02,0.01,100,100,1,0,0,0,0,0,0,0,DoS
0,tcp,http,S1,60,58,0,0,0,3909,5965,0.91,0.6,0,0,0.98,0.02,0.36,100,100,1,0,0,0,1,1,0,0,DoS
0,tcp,http,OTH,54,0,0,0,0,52,184,0,0,0,0,1,0,0.72,28,76,1,0,0.48,0.63,0,0,0,0,DoS_Gas
0,udp,other,SF,60,0,0,0,0,27563,27558,0,0,0,0,0.99,0.01,0.01,100,100,1,0,0,0,0,0,0,0,DoS
0,tcp,http,OTH,60,0,0,0,0,15,13,0,0,0,0,0.47,0.53,0.46,15,13,0.47,0.53,0.29,0.46,0,0,0,0,DoS_Gas
0,tcp,http,OTH,210,0,0,0,0,220,237,0,0,0,0,0.61,0.39,0.43,49,69,0.76,0.24,0.01,0.46,0,0,0,0,DoS_Gas
0,tcp,http,OTH,321,0,0,0,0,1,3,0,0,0,0,1,0,0.67,1,3,1,0,0.25,0.67,0,0,0,0,BP
0,tcp,http,S1,60,58,0,0,0,67385,68983,0.99,0.97,0,0,1,0,0.03,100,100,1,0,0,0,1,1,0,0,DoS
0,tcp,http,OTH,278,0,0,0,0,7,45,0,0,0,0,1,0,0.84,7,45,1,0,0.35,0.84,0,0,0,0,FoT
0,tcp,http,S1,60,58,0,0,0,18934,21022,0.98,0.88,0,0,0.99,0.01,0.1,100,100,1,0,0,0,1,1,0,0,DoS
0,tcp,http,OTH,283,0,0,0,0,146,142,0,0,0,0,0.59,0.41,0.39,50,44,0.54,0.46,0,0.39,0,0,0,0,OaU
0,tcp,http,OTH,283,0,0,0,0,1,1,0,0,0,0,1,0,0,1,1,1,0,0,0,0,0,0,0,BP
0,tcp,http,OTH,60,0,0,0,0,86,35,0,0,0,0,0.23,0.77,0.43,50,21,0.24,0.76,0.09,0.43,0,0,0,0,BP
0,tcp,http,OTH,283,0,0,0,0,276,388,0,0,0,0,0.83,0.17,0.41,53,99,1,0,0.04,0.46,0,0,0,0,OaU
0,tcp,http,OTH,278,0,0,0,0,97,354,0,0,0,0,1,0,0.73,41,87,1,0,0.48,0.53,0,0,0,0,DoS_Gas
0,tcp,http,OTH,54,0,0,0,0,352,397,0,0,0,0,0.24,0.76,0.79,57,28,0.18,0.82,0.34,0.64,0,0,0,0,FoT
0,tcp,http,OTH,278,0,0,0,0,27,167,0,0,0,0,0.85,0.15,0.86,11,72,0.82,0.18,0.47,0.88,0,0,0,0,FoT
0,tcp,http,OTH,283,0,0,0,0,235,277,0,0,0,0,0.67,0.33,0.43,50,75,0.76,0.24,0.08,0.49,0,0,0,0,BP
0,tcp,http,OTH,60,0,0,0,0,747,1150,0,0,0,0,0.9,0.1,0.41,54,98,0.98,0.02,0.06,0.46,0,0,0,0,DoS_Gas
0,tcp,http,S1,60,0,0,0,0,83515,85762,0.99,0.97,0,0,1,0,0.03,100,100,1,0,0,0,1,1,0,0,DoS
0,tcp,http,S1,60,58,0,0,0,9557,9608,0.94,0.94,0,0,0.98,0.02,0.03,100,100,1,0,0,0,1,1,0,0,DoS
0,tcp,http,OTH,54,0,0,0,0,60,81,0,0,0,0,0.37,0.63,0.73,35,31,0.17,0.83,0.31,0.81,0,0,0,0,FoT
0,tcp,http,S1,60,58,0,0,0,85501,85536,1,1,0,0,1,0,0,100,100,1,0,0,0,1,1,0,0,DoS
0,tcp,http,OTH,210,0,0,0,0,197,343,0,0,0,0,0.9,0.1,0.48,40,95,0.93,0.07,0.05,0.61,0,0,0,0,DoS_Gas
0,tcp,http,OTH,278,0,0,0,0,10,143,0,0,0,0,1,0,0.93,10,52,1,0,0.47,0.81,0,0,0,0,OaU
0,tcp,http,OTH,283,0,0,0,0,294,356,0,0,0,0,0.7,0.3,0.42,53,62,0.64,0.36,0.16,0.45,0,0,0,0,DoS_Gas
0,tcp,http,OTH,278,0,0,0,0,25,120,0,0,0,0,1,0,0.79,25,91,1,0,0.4,0.73,0,0,0,0,OaU
0,tcp,http,OTH,54,0,0,0,0,34,269,0,0,0,0,1,0,0.87,8,76,1,0,0.42,0.89,0,0,0,0,DoS_Gas
0,tcp,http,OTH,279,0,0,0,0,59,98,0,0,0,0,0.15,0.85,0.91,31,33,0.1,0.9,0.38,0.91,0,0,0,0,DoS_Gas
0,tcp,http,OTH,54,0,0,0,0,98,249,0,0,0,0,0.16,0.84,0.94,3,92,0,1,0.47,1,0,0,0,0,FoT
0,udp,other,SF,60,0,0,0,0,13633,13501,0,0,0,0,0.98,0.02,0.01,100,100,1,0,0,0,0,0,0,0,DoS
0,tcp,http,OTH,210,0,0,0,0,70,80,0,0,0,0,0.67,0.33,0.41,54,62,0.65,0.35,0.16,0.44,0,0,0,0,FoT
0,tcp,http,OTH,283,0,0,0,0,84,104,0,0,0,0,0.76,0.24,0.38,56,91,0.93,0.07,0.02,0.43,0,0,0,0,FoT
0,tcp,http,OTH,283,0,0,0,0,372,562,0,0,0,0,0.88,0.12,0.42,55,95,0.95,0.05,0.02,0.45,0,0,0,0,DoS_Gas
0,udp,other,SF,60,0,0,0,0,14886,14731,0,0,0,0,0.98,0.02,0.01,99,100,1,0,0,0.01,0,0,0,0,DoS
0,tcp,http,OTH,60,0,0,0,0,133,154,0,0,0,0,0.76,0.24,0.34,64,81,0.83,0.17,0,0.35,0,0,0,0,BP
0,tcp,http,OTH,60,0,0,0,0,4059,7707,0,0,0,0,1,0,0.47,56,98,0.98,0.02,0,0.44,0,0,0,0,DoS
0,tcp,http,OTH,278,0,0,0,0,1,3,0,0,0,0,1,0,0.67,1,3,1,0,0.25,0.67,0,0,0,0,DoS_Gas
0,udp,other,SF,60,0,0,0,0,4005,3901,0,0,0,0,0.96,0.04,0.02,100,100,1,0,0,0,0,0,0,0,DoS
0,tcp,http,OTH,283,0,0,0,0,305,414,0,0,0,0,0.79,0.21,0.42,58,73,0.78,0.22,0.01,0.38,0,0,0,0,DoS_Gas
0,tcp,http,OTH,210,0,0,0,0,333,409,0,0,0,0,0.74,0.26,0.4,57,86,0.86,0.14,0.01,0.43,0,0,0,0,OaU
0,tcp,http,OTH,278,0,0,0,0,67,300,0,0,0,0,0.4,0.6,0.91,9,69,0.78,0.22,0.41,0.9,0,0,0,0,FoT
0,tcp,http,OTH,283,0,0,0,0,225,298,0,0,0,0,0.71,0.29,0.46,52,73,0.75,0.25,0.05,0.47,0,0,0,0,OaU
0,tcp,http,OTH,283,0,0,0,0,307,488,0,0,0,0,0.91,0.09,0.43,52,98,0.98,0.02,0.02,0.48,0,0,0,0,DoS_Gas
0,tcp,http,OTH,60,0,0,0,0,146,175,0,0,0,0,0.64,0.36,0.46,45,48,0.58,0.42,0.12,0.46,0,0,0,0,DoS_Gas
0,tcp,http,OTH,283,0,0,0,0,967,1548,0,0,0,0,0.94,0.06,0.41,60,100,1,0,0.01,0.4,0,0,0,0,FoT
0,tcp,http,OTH,54,0,0,0,0,0,47942,0,0,0,0,0,0,1,0,98,0,0,0.47,1,0,0,0,0,DoS
0,udp,other,SF,60,0,0,0,0,15526,15355,0,0,0,0,0.98,0.02,0.01,85,85,1,0,0,0,0,0,0,0,DoS
0,tcp,http,OTH,60,0,0,0,0,236,293,0,0,0,0,0.76,0.24,0.39,52,75,0.83,0.17,0.14,0.43,0,0,0,0,FoT
0,tcp,http,OTH,283,0,0,0,0,194,258,0,0,0,0,0.8,0.2,0.4,58,83,0.86,0.14,0.04,0.4,0,0,0,0,FoT
0,tcp,http,OTH,278,0,0,0,0,20,39,0,0,0,0,0.95,0.05,0.51,20,39,0.95,0.05,0.47,0.51,0,0,0,0,FoT
0,tcp,http,OTH,283,0,0,0,0,420,625,0,0,0,0,0.9,0.1,0.4,59,91,0.92,0.08,0.05,0.41,0,0,0,0,FoT
0,udp,other,SF,60,0,0,0,0,16049,15852,0,0,0,0,0.98,0.02,0.01,100,100,1,0,0,0,0,0,0,0,DoS
0,tcp,http,OTH,210,0,0,0,0,70,68,0,0,0,0,0.59,0.41,0.4,52,57,0.63,0.37,0.02,0.42,0,0,0,0,DoS_Gas
0,tcp,http,OTH,278,0,0,0,0,59,321,0,0,0,0,1,0,0.82,21,64,1,0,0.43,0.67,0,0,0,0,FoT
0,tcp,http,OTH,279,0,0,0,0,35,56,0,0,0,0,0.31,0.69,0.8,17,52,0.65,0.35,0.4,0.79,0,0,0,0,FoT
0,tcp,http,OTH,60,0,0,0,0,7,11,0,0,0,0,1,0,0.36,7,11,1,0,0,0.36,0,0,0,0,OaU
0,tcp,http,OTH,210,0,0,0,0,203,129,0,0,0,0,0.36,0.64,0.43,48,30,0.38,0.62,0.19,0.4,0,0,0,0,DoS_Gas
0,udp,other,SF,60,0,0,0,0,6278,6188,0,0,0,0,0.97,0.03,0.02,93,94,1,0,0,0.01,0,0,0,0,DoS
0,udp,other,SF,60,0,0,0,0,56568,56271,0,0,0,0,0.99,0.01,0,100,100,1,0,0,0,0,0,0,0,DoS
0,tcp,http,OTH,60,0,0,0,0,155,195,0,0,0,0,0.74,0.26,0.41,54,89,0.91,0.09,0,0.45,0,0,0,0,OaU
0,tcp,http,OTH,283,0,0,0,0,386,453,0,0,0,0,0.68,0.32,0.42,54,83,0.87,0.13,0.06,0.43,0,0,0,0,FoT
0,tcp,http,OTH,278,0,0,0,0,40,72,0,0,0,0,0.23,0.78,0.88,32,19,0.28,0.72,0.45,0.53,0,0,0,0,DoS_Gas
0,tcp,http,OTH,283,0,0,0,0,493,575,0,0,0,0,0.66,0.34,0.43,57,89,0.91,0.09,0.11,0.42,0,0,0,0,FoT
0,udp,other,SF,60,0,0,0,0,47719,47586,0,0,0,0,0.99,0.01,0,100,100,1,0,0,0,0,0,0,0,DoS
0,tcp,http,OTH,210,0,0,0,0,200,319,0,0,0,0,0.89,0.11,0.44,50,83,0.84,0.16,0.01,0.49,0,0,0,0,FoT
0,tcp,http,OTH,278,0,0,0,0,304,813,0,0,0,0,0.51,0.49,0.81,44,73,0.68,0.32,0.41,0.59,0,0,0,0,FoT
0,tcp,http,OTH,54,0,0,0,0,127,758,0,0,0,0,1,0,0.83,35,95,1,0,0.44,0.63,0,0,0,0,DoS_Gas
0,tcp,http,OTH,252,0,0,0,0,17,7,0,0,0,0,0.29,0.71,0.29,17,7,0.29,0.71,0.5,0.29,0,0,0,0,BP
0,tcp,http,OTH,279,0,0,0,0,46,149,0,0,0,0,0.22,0.78,0.93,10,40,0.2,0.8,0.32,0.95,0,0,0,0,DoS_Gas
0,tcp,http,OTH,54,0,0,0,0,286,1045,0,0,0,0,0.49,0.51,0.87,9,90,0.56,0.44,0.43,0.94,0,0,0,0,FoT
0,tcp,http,OTH,278,0,0,0,0,34,154,0,0,0,0,1,0,0.78,7,64,1,0,0.34,0.89,0,0,0,0,OaU
0,tcp,http,OTH,60,0,0,0,0,309,439,0,0,0,0,0.84,0.16,0.41,58,92,0.97,0.03,0,0.39,0,0,0,0,FoT
0,tcp,http,OTH,353,0,0,0,0,135,143,0,0,0,0,0.61,0.39,0.43,61,71,0.7,0.3,0.11,0.39,0,0,0,0,FoT
0,tcp,http,OTH,60,0,0,0,0,70,87,0,0,0,0,0.77,0.23,0.38,60,75,0.78,0.22,0.13,0.37,0,0,0,0,FoT
0,tcp,http,OTH,283,0,0,0,0,237,309,0,0,0,0,0.76,0.24,0.42,56,72,0.68,0.32,0.04,0.47,0,0,0,0,DoS_Gas
0,tcp,http,OTH,60,0,0,0,0,234,320,0,0,0,0,0.79,0.21,0.42,50,87,0.88,0.12,0.02,0.49,0,0,0,0,OaU
0,tcp,http,OTH,54,0,0,0,0,0,274,0,0,0,0,0,0,1,0,57,0,0,0.41,1,0,0,0,0,OaU
0,tcp,http,OTH,210,0,0,0,0,183,229,0,0,0,0,0.74,0.26,0.41,48,40,0.52,0.48,0.12,0.38,0,0,0,0,FoT
0,tcp,http,OTH,278,0,0,0,0,53,313,0,0,0,0,1,0,0.83,11,83,1,0,0.32,0.87,0,0,0,0,DoS_Gas
0,udp,other,SF,60,0,0,0,0,4401,4225,0,0,0,0,0.94,0.06,0.02,100,100,1,0,0,0,0,0,0,0,DoS
0,tcp,http,OTH,278,0,0,0,0,54,320,0,0,0,0,1,0,0.83,12,46,1,0,0.36,0.74,0,0,0,0,FoT
0,tcp,http,OTH,283,0,0,0,0,136,164,0,0,0,0,0.69,0.31,0.43,54,70,0.74,0.26,0.07,0.43,0,0,0,0,DoS_Gas
0,tcp,http,OTH,60,0,0,0,0,282,330,0,0,0,0,0.72,0.28,0.39,59,76,0.81,0.19,0.04,0.37,0,0,0,0,FoT
0,udp,other,SF,60,0,0,0,0,69708,69525,0,0,0,0,0.99,0.01,0,100,100,1,0,0,0,0,0,0,0,DoS
0,tcp,http,OTH,252,0,0,0,0,274,257,0,0,0,0,0.58,0.42,0.38,61,69,0.77,0.23,0.07,0.32,0,0,0,0,BP
0,tcp,http,OTH,54,0,0,0,0,0,41656,0,0,0,0,0,0,1,0,100,0,0,0.47,1,0,0,0,0,DoS
0,udp,other,SF,60,0,0,0,0,1272,1179,0,0,0,0,0.85,0.15,0.08,100,100,1,0,0,0,0,0,0,0,DoS
0,tcp,http,OTH,60,0,0,0,0,40251,40264,0,0,0,0,1,0,0,100,100,1,0,0,0,0,0,0,0,DoS
0,tcp,http,OTH,54,0,0,0,0,69,425,0,0,0,0,1,0,0.84,14,73,1,0,0.36,0.81,0,0,0,0,FoT
0,tcp,http,OTH,210,0,0,0,0,50,58,0,0,0,0,0.72,0.28,0.38,50,58,0.72,0.28,0.02,0.38,0,0,0,0,DoS_Gas
0,tcp,http,OTH,278,0,0,0,0,157,382,0,0,0,0,0.58,0.42,0.76,35,87,0.94,0.06,0.44,0.62,0,0,0,0,FoT
0,tcp,http,OTH,54,0,0,0,0,113,98,0,0,0,0,0.15,0.85,0.83,24,31,0.21,0.79,0.44,0.84,0,0,0,0,DoS_Gas
0,tcp,http,OTH,60,0,0,0,0,169,220,0,0,0,0,0.74,0.26,0.43,57,74,0.75,0.25,0.05,0.42,0,0,0,0,FoT
0,udp,other,SF,60,0,0,0,0,56488,56448,0,0,0,0,1,0,0,99,99,1,0,0,0,0,0,0,0,DoS
0,udp,other,SF,60,0,0,0,0,25782,25708,0,0,0,0,0.99,0.01,0.01,100,100,1,0,0,0,0,0,0,0,DoS
0,tcp,http,S1,60,58,0,0,0,69318,71446,1,0.97,0,0,1,0,0.03,100,100,1,0,0,0,1,1,0,0,DoS
0,tcp,http,OTH,209,0,0,0,0,127,155,0,0,0,0,0.68,0.32,0.45,54,81,0.76,0.24,0.04,0.49,0,0,0,0,OaU
0,tcp,http,OTH,60,0,0,0,0,56,68,0,0,0,0,0.7,0.3,0.43,52,68,0.75,0.25,0.03,0.43,0,0,0,0,FoT
0,tcp,http,OTH,210,0,0,0,0,600,655,0,0,0,0,0.63,0.37,0.43,60,82,0.82,0.18,0.01,0.4,0,0,0,0,FoT
0,tcp,http,OTH,283,0,0,0,0,183,276,0,0,0,0,0.9,0.1,0.41,52,94,0.96,0.04,0.05,0.47,0,0,0,0,DoS_Gas
0,tcp,http,OTH,60,0,0,0,0,191,195,0,0,0,0,0.61,0.39,0.41,46,53,0.63,0.37,0.04,0.45,0,0,0,0,FoT
0,tcp,http,OTH,210,0,0,0,0,360,409,0,0,0,0,0.71,0.29,0.38,56,61,0.77,0.23,0.02,0.3,0,0,0,0,OaU
0,tcp,http,OTH,210,0,0,0,0,64,79,0,0,0,0,0.8,0.2,0.35,56,73,0.84,0.16,0.01,0.36,0,0,0,0,OaU
0,tcp,http,OTH,54,0,0,0,0,21,173,0,0,0,0,1,0,0.88,15,71,1,0,0.4,0.79,0,0,0,0,DoS_Gas
0,udp,other,SF,60,0,0,0,0,36086,35954,0,0,0,0,0.99,0.01,0,99,100,1,0,0,0.01,0,0,0,0,DoS
0,tcp,http,OTH,283,0,0,0,0,133,86,0,0,0,0,0.39,0.61,0.4,51,37,0.41,0.59,0,0.43,0,0,0,0,OaU
0,tcp,http,S1,60,58,0,0,0,37598,37673,0.99,0.99,0,0,1,0,0.01,100,100,1,0,0,0,1,1,0,0,DoS
0,udp,other,SF,60,0,0,0,0,80984,80913,0,0,0,0,1,0,0,100,100,1,0,0,0,0,0,0,0,DoS
0,tcp,http,OTH,321,0,0,0,0,7,214,0,0,0,0,1,0,0.97,1,71,1,0,0.39,0.99,0,0,0,0,BP
0,tcp,http,OTH,54,0,0,0,0,94,99,0,0,0,0,0.06,0.94,0.94,27,41,0.07,0.93,0.4,0.95,0,0,0,0,DoS_Gas
0,tcp,http,OTH,283,0,0,0,0,11,10,0,0,0,0,0.45,0.55,0.5,11,10,0.45,0.55,0,0.5,0,0,0,0,BP
0,tcp,http,OTH,283,0,0,0,0,646,1046,0,0,0,0,0.96,0.04,0.41,50,90,1,0,0.07,0.44,0,0,0,0,DoS_Gas
0,tcp,http,OTH,578,0,0,0,0,620,2198,0,0,0,0,0.75,0.25,0.79,17,95,0.94,0.06,0.5,0.83,0,0,0,0,FoT
0,tcp,http,OTH,283,0,0,0,0,18,26,0,0,0,0,0.78,0.22,0.46,18,26,0.78,0.22,0,0.46,0,0,0,0,DoS_Gas
0,tcp,http,OTH,60,0,0,0,0,110,117,0,0,0,0,0.61,0.39,0.43,56,61,0.64,0.36,0.1,0.41,0,0,0,0,OaU
0,tcp,http,OTH,54,0,0,0,0,0,275,0,0,0,0,0,0,1,0,74,0,0,0.37,1,0,0,0,0,OaU
0,tcp,http,OTH,278,0,0,0,0,207,560,0,0,0,0,0.4,0.6,0.85,18,94,0.83,0.17,0.43,0.84,0,0,0,0,DoS_Gas
0,tcp,http,OTH,60,0,0,0,0,438,605,0,0,0,0,0.85,0.15,0.39,58,93,0.97,0.03,0.02,0.4,0,0,0,0,FoT
0,udp,other,SF,60,0,0,0,0,70163,70186,0,0,0,0,1,0,0,93,94,1,0,0,0.01,0,0,0,0,DoS
0,tcp,http,OTH,60,0,0,0,0,22086,41975,0,0,0,0,1,0,0.47,52,100,1,0,0,0.48,0,0,0,0,DoS
0,udp,other,SF,60,0,0,0,0,28097,27631,0,0,0,0,0.98,0.02,0.01,100,100,1,0,0,0,0,0,0,0,DoS
0,tcp,http,OTH,283,0,0,0,0,567,884,0,0,0,0,0.86,0.14,0.45,53,98,0.98,0.02,0,0.47,0,0,0,0,DoS_Gas
0,tcp,http,S1,60,58,0,0,0,64678,64761,0.99,0.99,0,0,1,0,0,100,100,1,0,0,0,1,1,0,0,DoS
0,tcp,http,OTH,60,0,0,0,0,196,223,0,0,0,0,0.63,0.37,0.45,50,63,0.68,0.32,0.06,0.46,0,0,0,0,DoS_Gas
0,tcp,http,OTH,283,0,0,0,0,99,98,0,0,0,0,0.58,0.42,0.42,53,61,0.66,0.34,0.1,0.43,0,0,0,0,BP
0,udp,other,SF,60,0,0,0,0,48326,48341,0,0,0,0,1,0,0,100,100,1,0,0,0,0,0,0,0,DoS
0,udp,other,SF,60,0,0,0,0,43048,42847,0,0,0,0,0.99,0.01,0,100,100,1,0,0,0,0,0,0,0,DoS
0,tcp,http,OTH,210,0,0,0,0,104,179,0,0,0,0,0.92,0.08,0.46,47,89,0.87,0.13,0.01,0.54,0,0,0,0,DoS_Gas
0,tcp,http,S1,60,58,0,0,0,55990,55996,0.99,0.99,0,0,1,0,0,100,100,1,0,0,0,1,1,0,0,DoS
0,tcp,http,OTH,60,0,0,0,0,271,390,0,0,0,0,0.84,0.16,0.42,57,96,0.96,0.04,0.07,0.43,0,0,0,0,FoT
0,udp,other,SF,60,0,0,0,0,2960,2763,0,0,0,0,0.9,0.1,0.03,100,100,1,0,0,0,0,0,0,0,DoS
0,tcp,http,OTH,321,0,0,0,0,13,303,0,0,0,0,1,0,0.96,3,73,1,0,0.39,0.96,0,0,0,0,BP
0,tcp,http,OTH,210,0,0,0,0,465,607,0,0,0,0,0.77,0.23,0.41,52,62,0.62,0.38,0.21,0.48,0,0,0,0,DoS_Gas
0,tcp,http,OTH,54,0,0,0,0,60,98,0,0,0,0,0.27,0.73,0.84,33,53,0.42,0.58,0.44,0.74,0,0,0,0,DoS_Gas
0,tcp,http,OTH,581,0,0,0,0,50,288,0,0,0,0,1,0,0.83,14,62,1,0,0.4,0.77,0,0,0,0,FoT
0,udp,other,SF,60,0,0,0,0,8004,7974,0,0,0,0,0.98,0.02,0.01,100,100,1,0,0,0,0,0,0,0,DoS
0,tcp,http,OTH,54,0,0,0,0,120,427,0,0,0,0,0.57,0.43,0.84,22,85,0.82,0.18,0.35,0.79,0,0,0,0,FoT
0,tcp,http,OTH,54,0,0,0,0,148,428,0,0,0,0,0.58,0.42,0.8,38,83,0.87,0.13,0.44,0.6,0,0,0,0,FoT
0,tcp,http,OTH,60,0,0,0,0,125,151,0,0,0,0,0.65,0.35,0.46,51,50,0.55,0.45,0.08,0.44,0,0,0,0,FoT
0,tcp,http,OTH,60,0,0,0,0,30245,30266,0,0,0,0,1,0,0,100,100,1,0,0,0,0,0,0,0,DoS
0,udp,other,SF,60,0,0,0,0,17936,17839,0,0,0,0,0.99,0.01,0.01,100,100,1,0,0,0,0,0,0,0,DoS
0,tcp,http,OTH,283,0,0,0,0,160,154,0,0,0,0,0.57,0.43,0.4,44,29,0.32,0.68,0.07,0.52,0,0,0,0,FoT
0,tcp,http,OTH,60,0,0,0,0,808,808,0,0,0,0,1,0,0,100,100,1,0,0,0,0,0,0,0,DoS
0,tcp,http,OTH,54,0,0,0,0,183,355,0,0,0,0,0.34,0.66,0.82,41,38,0.34,0.66,0.41,0.63,0,0,0,0,DoS_Gas
0,udp,other,SF,60,0,0,0,0,78496,78437,0,0,0,0,1,0,0,100,100,1,0,0,0,0,0,0,0,DoS
0,tcp,http,OTH,210,0,0,0,0,157,175,0,0,0,0,0.69,0.31,0.38,50,64,0.76,0.24,0.03,0.41,0,0,0,0,DoS_Gas
0,tcp,http,OTH,58,0,0,0,0,0,1315,0,0,0,0,0,0,1,0,100,0,0,0.99,1,0,0,0,0,DoS
0,tcp,http,OTH,54,0,0,0,0,25,222,0,0,0,0,1,0,0.89,25,73,1,0,0.45,0.66,0,0,0,0,OaU
0,tcp,http,OTH,54,0,0,0,0,20,479,0,0,0,0,1,0,0.96,10,88,1,0,0.39,0.89,0,0,0,0,OaU
0,tcp,http,OTH,283,0,0,0,0,288,388,0,0,0,0,0.82,0.18,0.39,61,96,0.95,0.05,0.06,0.4,0,0,0,0,DoS_Gas
0,tcp,http,OTH,60,0,0,0,0,293,450,0,0,0,0,0.87,0.13,0.44,54,84,0.89,0.11,0.02,0.43,0,0,0,0,DoS_Gas
0,tcp,http,OTH,278,0,0,0,0,45,349,0,0,0,0,1,0,0.87,7,80,1,0,0.37,0.91,0,0,0,0,DoS_Gas
0,tcp,http,OTH,283,0,0,0,0,143,111,0,0,0,0,0.45,0.55,0.41,57,43,0.42,0.58,0,0.44,0,0,0,0,DoS_Gas
0,tcp,http,OTH,278,0,0,0,0,35,95,0,0,0,0,0.49,0.51,0.82,28,43,0.39,0.61,0.39,0.74,0,0,0,0,DoS_Gas
0,tcp,http,OTH,321,0,0,0,0,5,95,0,0,0,0,1,0,0.95,3,86,1,0,0.38,0.97,0,0,0,0,BP
0,tcp,http,OTH,60,0,0,0,0,2442,2439,0,0,0,0,1,0,0,100,100,1,0,0,0,0,0,0,0,DoS
0,tcp,http,OTH,60,0,0,0,0,29039,55287,0,0,0,0,1,0,0.48,51,100,1,0,0,0.49,0,0,0,0,DoS
0,tcp,http,OTH,278,0,0,0,0,280,485,0,0,0,0,0.32,0.68,0.82,25,68,0.68,0.32,0.43,0.75,0,0,0,0,DoS_Gas
0,tcp,http,S1,60,58,0,0,0,49063,51160,0.99,0.95,0,0,1,0,0.04,99,99,1,0,0,0,1,1,0,0,DoS
0,tcp,http,OTH,60,0,0,0,0,47405,47505,0,0,0,0,1,0,0,100,100,1,0,0,0,0,0,0,0,DoS
0,tcp,http,OTH,54,0,0,0,0,196,1126,0,0,0,0,1,0,0.83,21,83,1,0,0.4,0.75,0,0,0,0,DoS_Gas
0,tcp,http,OTH,210,0,0,0,0,257,360,0,0,0,0,0.86,0.14,0.39,56,66,0.73,0.27,0.04,0.38,0,0,0,0,FoT
0,tcp,http,OTH,54,0,0,0,0,92,128,0,0,0,0,0.26,0.74,0.81,51,33,0.27,0.73,0.41,0.58,0,0,0,0,FoT
0,tcp,http,OTH,60,0,0,0,0,8276,15740,0,0,0,0,1,0,0.47,52,100,1,0,0,0.48,0,0,0,0,DoS
0,tcp,http,OTH,54,0,0,0,0,0,1302,0,0,0,0,0,0,1,0,100,0,0,0.5,1,0,0,0,0,DoS
0,tcp,http,OTH,60,0,0,0,0,166,180,0,0,0,0,0.66,0.34,0.39,51,62,0.73,0.27,0.03,0.4,0,0,0,0,BP
0,tcp,http,OTH,54,0,0,0,0,0,176,0,0,0,0,0,0,1,0,70,0,0,0.45,1,0,0,0,0,OaU
0,tcp,http,OTH,60,0,0,0,0,166,226,0,0,0,0,0.76,0.24,0.44,51,63,0.67,0.33,0.06,0.46,0,0,0,0,DoS_Gas
0,udp,other,SF,60,0,0,0,0,8162,7987,0,0,0,0,0.97,0.03,0.01,100,100,1,0,0,0,0,0,0,0,DoS
0,tcp,http,OTH,54,0,0,0,0,12,259,0,0,0,0,1,0,0.95,4,71,1,0,0.35,0.94,0,0,0,0,BP
0,tcp,http,OTH,54,0,0,0,0,10,211,0,0,0,0,1,0,0.95,4,71,1,0,0.33,0.94,0,0,0,0,BP
0,tcp,http,OTH,54,0,0,0,0,12,217,0,0,0,0,1,0,0.94,2,64,1,0,0.38,0.97,0,0,0,0,BP
0,tcp,http,OTH,60,0,0,0,0,166,252,0,0,0,0,0.9,0.1,0.4,53,87,0.89,0.11,0.07,0.46,0,0,0,0,DoS_Gas
0,tcp,http,OTH,210,0,0,0,0,250,334,0,0,0,0,0.78,0.22,0.42,58,93,0.95,0.05,0.05,0.41,0,0,0,0,DoS_Gas
0,tcp,http,OTH,60,0,0,0,0,29934,30018,0,0,0,0,1,0,0,100,100,1,0,0,0,0,0,0,0,DoS
0,tcp,http,OTH,54,0,0,0,0,55,404,0,0,0,0,1,0,0.86,25,79,1,0,0.41,0.68,0,0,0,0,DoS_Gas
0,udp,other,SF,60,0,0,0,0,66387,66411,0,0,0,0,1,0,0,100,100,1,0,0,0,0,0,0,0,DoS
0,tcp,http,OTH,278,0,0,0,0,150,353,0,0,0,0,0.35,0.65,0.85,16,81,0.81,0.19,0.41,0.84,0,0,0,0,FoT
0,tcp,http,OTH,210,0,0,0,0,212,308,0,0,0,0,0.84,0.16,0.42,57,94,0.96,0.04,0.08,0.41,0,0,0,0,FoT
0,tcp,http,OTH,279,0,0,0,0,13,57,0,0,0,0,1,0,0.77,13,55,1,0,0.43,0.76,0,0,0,0,FoT
0,tcp,http,S1,60,58,0,0,0,23380,23468,0.99,0.98,0,0,1,0,0.01,100,100,1,0,0,0,1,1,0,0,DoS
0,tcp,http,OTH,278,0,0,0,0,27,253,0,0,0,0,1,0,0.89,7,85,1,0,0.43,0.92,0,0,0,0,FoT
0,tcp,http,OTH,283,0,0,0,0,541,872,0,0,0,0,0.93,0.07,0.42,51,96,0.96,0.04,0.02,0.49,0,0,0,0,DoS_Gas
0,udp,other,SF,60,0,0,0,0,80680,80481,0,0,0,0,1,0,0,100,100,1,0,0,0,0,0,0,0,DoS
0,udp,other,SF,60,0,0,0,0,69678,69720,0,0,0,0,1,0,0,100,100,1,0,0,0,0,0,0,0,DoS
0,tcp,http,OTH,60,0,0,0,0,21,31,0,0,0,0,0.95,0.05,0.35,21,31,0.95,0.05,0,0.35,0,0,0,0,BP
0,tcp,http,OTH,54,0,0,0,0,10,69,0,0,0,0,1,0,0.86,10,59,1,0,0.42,0.83,0,0,0,0,OaU
0,tcp,http,OTH,278,0,0,0,0,7,16,0,0,0,0,1,0,0.56,7,16,1,0,0.41,0.56,0,0,0,0,OaU
0,tcp,http,OTH,210,0,0,0,0,294,413,0,0,0,0,0.8,0.2,0.43,58,83,0.84,0.16,0.07,0.41,0,0,0,0,DoS_Gas
0,tcp,http,OTH,54,0,0,0,0,93,311,0,0,0,0,1,0,0.7,52,95,1,0,0.54,0.45,0,0,0,0,DoS_Gas
0,tcp,http,OTH,54,0,0,0,0,5,10,0,0,0,0,0.8,0.2,0.6,5,10,0.8,0.2,0.36,0.6,0,0,0,0,DoS_Gas
0,tcp,http,OTH,427,0,0,0,0,42,63,0,0,0,0,0.76,0.24,0.49,42,63,0.76,0.24,0.02,0.49,0,0,0,0,DoS_Gas
0,tcp,http,OTH,54,0,0,0,0,16,83,0,0,0,0,1,0,0.81,6,44,1,0,0.38,0.86,0,0,0,0,DoS_Gas
0,tcp,http,OTH,54,0,0,0,0,0,106,0,0,0,0,0,0,1,0,83,0,0,0.43,1,0,0,0,0,DoS_Gas
0,udp,other,SF,60,0,0,0,0,70528,70508,0,0,0,0,1,0,0,100,100,1,0,0,0,0,0,0,0,DoS
0,tcp,http,OTH,278,0,0,0,0,30,259,0,0,0,0,1,0,0.88,18,84,1,0,0.42,0.79,0,0,0,0,FoT
0,tcp,http,S1,60,0,0,0,0,22488,24468,0.98,0.9,0,0,0.99,0.01,0.09,100,100,1,0,0,0,1,1,0,0,DoS
0,tcp,http,OTH,283,0,0,0,0,19,18,0,0,0,0,0.74,0.26,0.22,19,18,0.74,0.26,0.11,0.22,0,0,0,0,DoS_Gas
0,tcp,http,S1,60,58,0,0,0,70847,70911,0.99,0.99,0,0,1,0,0,100,100,1,0,0,0,1,1,0,0,DoS
0,tcp,http,OTH,54,0,0,0,0,38,333,0,0,0,0,1,0,0.89,15,76,1,0,0.47,0.8,0,0,0,0,DoS_Gas
0,tcp,http,OTH,210,0,0,0,0,557,744,0,0,0,0,0.82,0.18,0.39,54,74,0.83,0.17,0.05,0.39,0,0,0,0,FoT
0,tcp,http,OTH,210,0,0,0,0,244,366,0,0,0,0,0.83,0.17,0.45,51,88,0.92,0.08,0.06,0.47,0,0,0,0,DoS_Gas
0,tcp,http,OTH,283,0,0,0,0,108,109,0,0,0,0,0.57,0.43,0.43,50,53,0.58,0.42,0.06,0.45,0,0,0,0,DoS_Gas
0,udp,other,SF,60,0,0,0,0,42116,41830,0,0,0,0,0.99,0.01,0,100,100,1,0,0,0,0,0,0,0,DoS
0,tcp,http,OTH,580,0,0,0,0,186,487,0,0,0,0,0.51,0.49,0.81,49,66,0.65,0.35,0.48,0.52,0,0,0,0,DoS_Gas
0,tcp,http,OTH,283,0,0,0,0,141,219,0,0,0,0,0.93,0.07,0.4,54,98,0.98,0.02,0.08,0.46,0,0,0,0,DoS_Gas
0,tcp,http,OTH,54,0,0,0,0,0,127,0,0,0,0,0,0,1,0,83,0,0,0.37,1,0,0,0,0,OaU
0,tcp,http,OTH,60,0,0,0,0,36505,36567,0,0,0,0,1,0,0,100,100,1,0,0,0,0,0,0,0,DoS
0,tcp,http,OTH,54,0,0,0,0,0,222,0,0,0,0,0,0,1,0,95,0,0,0.43,1,0,0,0,0,BP
0,tcp,http,S1,60,58,0,0,0,11656,11747,0.97,0.96,0,0,0.99,0.01,0.02,81,81,1,0,0,0,1,1,0,0,DoS
0,tcp,http,OTH,283,0,0,0,0,35,56,0,0,0,0,0.86,0.14,0.46,35,56,0.86,0.14,0.18,0.46,0,0,0,0,DoS_Gas
0,tcp,http,OTH,60,0,0,0,0,205,229,0,0,0,0,0.68,0.32,0.39,58,69,0.74,0.26,0.07,0.38,0,0,0,0,BP
0,tcp,http,OTH,278,0,0,0,0,2,6,0,0,0,0,1,0,0.67,2,6,1,0,0.29,0.67,0,0,0,0,FoT
0,tcp,http,OTH,54,0,0,0,0,18,344,0,0,0,0,1,0,0.95,6,54,1,0,0.42,0.89,0,0,0,0,BP
0,tcp,http,S1,60,58,0,0,0,64544,66142,0.99,0.97,0,0,1,0,0.03,100,100,1,0,0,0,1,1,0,0,DoS
0,tcp,http,OTH,60,0,0,0,0,118,136,0,0,0,0,0.66,0.34,0.43,55,69,0.67,0.33,0.09,0.46,0,0,0,0,OaU
0,tcp,http,OTH,54,0,0,0,0,144,260,0,0,0,0,0.35,0.65,0.81,21,42,0.29,0.71,0.4,0.86,0,0,0,0,DoS_Gas
0,tcp,http,OTH,60,0,0,0,0,42886,42872,0,0,0,0,1,0,0,100,100,1,0,0,0,0,0,0,0,DoS
0,tcp,http,S1,60,58,0,0,0,54767,56803,0.99,0.96,0,0,1,0,0.04,100,100,1,0,0,0,1,1,0,0,DoS
0,tcp,http,OTH,283,0,0,0,0,18,13,0,0,0,0,0.44,0.56,0.38,18,13,0.44,0.56,0,0.38,0,0,0,0,FoT
0,tcp,http,OTH,283,0,0,0,0,444,656,0,0,0,0,0.85,0.15,0.43,56,88,0.89,0.11,0.13,0.43,0,0,0,0,DoS_Gas
0,tcp,http,OTH,278,0,0,0,0,9,320,0,0,0,0,1,0,0.97,9,86,1,0,0.38,0.9,0,0,0,0,OaU
0,udp,other,SF,60,0,0,0,0,14909,14847,0,0,0,0,0.99,0.01,0.01,100,100,1,0,0,0,0,0,0,0,DoS
0,tcp,http,OTH,60,0,0,0,0,16509,31393,0,0,0,0,1,0,0.47,50,100,1,0,0,0.5,0,0,0,0,DoS
0,udp,other,SF,60,0,0,0,0,58861,58647,0,0,0,0,0.99,0.01,0,100,100,1,0,0,0,0,0,0,0,DoS
0,tcp,http,OTH,210,0,0,0,0,219,205,0,0,0,0,0.51,0.49,0.45,41,21,0.32,0.68,0.32,0.38,0,0,0,0,DoS_Gas
0,tcp,http,OTH,278,0,0,0,0,126,704,0,0,0,0,1,0,0.82,31,84,1,0,0.45,0.63,0,0,0,0,DoS_Gas
0,tcp,http,OTH,54,0,0,0,0,69,141,0,0,0,0,0.32,0.68,0.84,28,61,0.21,0.79,0.44,0.9,0,0,0,0,DoS_Gas
0,tcp,http,OTH,283,0,0,0,0,10,0,0,0,0,0,0,1,0,10,0,0,1,0,0,0,0,0,0,BP
0,tcp,http,OTH,54,0,0,0,0,36,372,0,0,0,0,1,0,0.9,34,96,1,0,0.41,0.65,0,0,0,0,OaU
0,udp,other,SF,60,0,0,0,0,3793,3641,0,0,0,0,0.94,0.06,0.02,99,100,1,0,0,0.01,0,0,0,0,DoS
0,tcp,http,OTH,283,0,0,0,0,195,290,0,0,0,0,0.83,0.17,0.44,52,87,0.85,0.15,0,0.49,0,0,0,0,DoS_Gas
0,tcp,http,OTH,278,0,0,0,0,117,412,0,0,0,0,1,0,0.72,29,93,1,0,0.38,0.69,0,0,0,0,OaU
0,tcp,http,OTH,210,0,0,0,0,161,171,0,0,0,0,0.64,0.36,0.4,57,80,0.82,0.18,0.01,0.41,0,0,0,0,OaU
0,tcp,http,OTH,54,0,0,0,0,59,126,0,0,0,0,0.1,0.9,0.95,10,59,0.2,0.8,0.47,0.97,0,0,0,0,DoS_Gas
0,tcp,http,OTH,210,0,0,0,0,41,31,0,0,0,0,0.44,0.56,0.42,41,31,0.44,0.56,0.03,0.42,0,0,0,0,DoS_Gas
0,udp,other,SF,60,0,0,0,0,11583,11307,0,0,0,0,0.96,0.04,0.01,100,100,1,0,0,0,0,0,0,0,DoS
0,tcp,http,OTH,210,0,0,0,0,271,360,0,0,0,0,0.76,0.24,0.43,53,93,0.92,0.08,0.05,0.47,0,0,0,0,DoS_Gas
0,udp,other,SF,60,0,0,0,0,35047,34834,0,0,0,0,0.99,0.01,0,100,100,1,0,0,0,0,0,0,0,DoS
0,tcp,http,OTH,278,0,0,0,0,41,83,0,0,0,0,1,0,0.51,41,83,1,0,0.49,0.51,0,0,0,0,DoS_Gas
0,udp,other,SF,60,0,0,0,0,16168,16161,0,0,0,0,0.99,0.01,0.01,100,100,1,0,0,0,0,0,0,0,DoS
0,tcp,http,OTH,194,0,0,0,0,211,168,0,0,0,0,0.46,0.54,0.42,50,62,0.66,0.34,0.03,0.47,0,0,0,0,DoS_Gas
0,tcp,http,OTH,54,0,0,0,0,8,89,0,0,0,0,1,0,0.91,8,37,1,0,0.42,0.78,0,0,0,0,OaU
0,tcp,http,S1,60,58,0,0,0,45780,45866,0.99,0.99,0,0,1,0,0,100,100,1,0,0,0,1,1,0,0,DoS
0,tcp,http,OTH,283,0,0,0,0,71,67,0,0,0,0,0.75,0.25,0.21,71,67,0.75,0.25,0.01,0.21,0,0,0,0,DoS_Gas
0,tcp,http,OTH,60,0,0,0,0,55915,56033,0,0,0,0,1,0,0,100,100,1,0,0,0,0,0,0,0,DoS
0,udp,other,SF,60,0,0,0,0,46690,46571,0,0,0,0,0.99,0.01,0,100,100,1,0,0,0,0,0,0,0,DoS
0,tcp,http,OTH,278,0,0,0,0,35,227,0,0,0,0,1,0,0.85,5,81,1,0,0.37,0.94,0,0,0,0,DoS_Gas
0,udp,other,SF,60,0,0,0,0,40901,40732,0,0,0,0,0.99,0.01,0,100,100,1,0,0,0,0,0,0,0,DoS
0,tcp,http,OTH,278,0,0,0,0,3,131,0,0,0,0,1,0,0.98,3,53,1,0,0.35,0.94,0,0,0,0,OaU
0,tcp,http,OTH,60,0,0,0,0,475,697,0,0,0,0,0.81,0.19,0.45,55,97,0.96,0.04,0.01,0.45,0,0,0,0,OaU
0,tcp,http,OTH,278,0,0,0,0,80,495,0,0,0,0,1,0,0.84,10,63,1,0,0.36,0.84,0,0,0,0,FoT
0,tcp,http,OTH,252,0,0,0,0,361,484,0,0,0,0,0.82,0.18,0.39,56,60,0.71,0.29,0.03,0.33,0,0,0,0,BP
0,tcp,http,OTH,60,0,0,0,0,171,211,0,0,0,0,0.7,0.3,0.43,52,61,0.67,0.33,0.15,0.43,0,0,0,0,DoS_Gas
0,tcp,http,OTH,210,0,0,0,0,62,86,0,0,0,0,0.79,0.21,0.43,54,84,0.87,0.13,0.01,0.44,0,0,0,0,OaU
0,udp,other,SF,60,0,0,0,0,64311,64183,0,0,0,0,1,0,0,100,100,1,0,0,0,0,0,0,0,DoS
0,tcp,http,OTH,60,0,0,0,0,223,254,0,0,0,0,0.63,0.37,0.44,49,50,0.57,0.43,0.04,0.44,0,0,0,0,FoT
0,tcp,http,OTH,54,0,0,0,0,14,257,0,0,0,0,1,0,0.95,2,77,1,0,0.35,0.97,0,0,0,0,BP
0,tcp,http,OTH,54,0,0,0,0,121,535,0,0,0,0,1,0,0.77,1,70,1,0,0.42,0.99,0,0,0,0,DoS_Gas
0,tcp,http,OTH,210,0,0,0,0,188,262,0,0,0,0,0.77,0.23,0.45,50,74,0.74,0.26,0.09,0.5,0,0,0,0,DoS_Gas
0,tcp,http,OTH,54,0,0,0,0,145,128,0,0,0,0,0.17,0.83,0.8,31,44,0.1,0.9,0.36,0.93,0,0,0,0,FoT
0,udp,other,SF,60,0,0,0,0,34860,34580,0,0,0,0,0.99,0.01,0,94,100,1,0,0,0.06,0,0,0,0,DoS
0,udp,other,SF,60,0,0,0,0,23102,23058,0,0,0,0,0.99,0.01,0,100,100,1,0,0,0,0,0,0,0,DoS
0,tcp,http,OTH,60,0,0,0,0,273,285,0,0,0,0,0.59,0.41,0.44,51,13,0.18,0.82,0.14,0.31,0,0,0,0,DoS_Gas
0,tcp,http,OTH,60,0,0,0,0,277,171,0,0,0,0,0.35,0.65,0.44,50,46,0.48,0.52,0.09,0.48,0,0,0,0,FoT
0,tcp,http,OTH,278,0,0,0,0,13,74,0,0,0,0,1,0,0.82,11,70,1,0,0.35,0.84,0,0,0,0,DoS_Gas
0,tcp,http,OTH,60,0,0,0,0,57241,57374,0,0,0,0,1,0,0,100,100,1,0,0,0,0,0,0,0,DoS
0,tcp,http,OTH,60,0,0,0,0,64,83,0,0,0,0,0.72,0.28,0.45,52,68,0.71,0.29,0.07,0.46,0,0,0,0,BP
0,tcp,http,OTH,210,0,0,0,0,328,404,0,0,0,0,0.74,0.26,0.4,56,90,0.93,0.07,0.01,0.42,0,0,0,0,DoS_Gas
0,tcp,http,S1,7738,1609,0,0,0,286,297,0,0,0,0,0.62,0.38,0.4,57,62,0.63,0.37,0,0.42,0,0,0,0,OaU
0,tcp,http,OTH,54,0,0,0,0,31,131,0,0,0,0,0.45,0.55,0.89,10,72,0.8,0.2,0.4,0.89,0,0,0,0,FoT
0,tcp,http,OTH,60,0,0,0,0,141,124,0,0,0,0,0.53,0.47,0.4,52,55,0.6,0.4,0.14,0.44,0,0,0,0,DoS_Gas
0,tcp,http,OTH,54,0,0,0,0,54,460,0,0,0,0,1,0,0.88,47,99,1,0,0.47,0.53,0,0,0,0,OaU
0,tcp,http,OTH,210,0,0,0,0,63,53,0,0,0,0,0.51,0.49,0.4,48,41,0.5,0.5,0.17,0.41,0,0,0,0,FoT
0,tcp,http,OTH,210,0,0,0,0,12,17,0,0,0,0,0.75,0.25,0.47,12,17,0.75,0.25,0.28,0.47,0,0,0,0,DoS_Gas
0,tcp,http,S1,60,58,0,0,0,22557,24569,0.99,0.9,0,0,1,0,0.09,100,100,1,0,0,0,1,1,0,0,DoS
0,tcp,http,OTH,58,0,0,0,0,0,890,0,0,0,0,0,0,1,0,100,0,0,0.99,1,0,0,0,0,DoS
0,tcp,http,OTH,60,0,0,0,0,29763,29782,0,0,0,0,1,0,0.01,100,100,1,0,0,0,0,0,0,0,DoS
0,tcp,http,OTH,283,0,0,0,0,292,350,0,0,0,0,0.76,0.24,0.37,64,69,0.8,0.2,0.01,0.26,0,0,0,0,FoT
0,tcp,http,OTH,54,0,0,0,0,121,192,0,0,0,0,0.36,0.64,0.77,39,64,0.56,0.44,0.43,0.66,0,0,0,0,FoT
0,tcp,http,OTH,60,0,0,0,0,5419,10356,0,0,0,0,1,0,0.48,51,100,1,0,0,0.49,0,0,0,0,DoS
0,udp,other,SF,60,0,0,0,0,87252,87164,0,0,0,0,1,0,0,100,100,1,0,0,0,0,0,0,0,DoS
0,tcp,http,OTH,278,0,0,0,0,3,30,0,0,0,0,1,0,0.9,3,30,1,0,0.42,0.9,0,0,0,0,FoT
0,tcp,http,OTH,278,0,0,0,0,75,331,0,0,0,0,1,0,0.77,17,89,1,0,0.43,0.81,0,0,0,0,DoS_Gas
0,tcp,http,OTH,60,0,0,0,0,21310,40598,0,0,0,0,1,0,0.48,51,100,1,0,0,0.49,0,0,0,0,DoS
0,tcp,http,OTH,283,0,0,0,0,232,255,0,0,0,0,0.69,0.31,0.37,57,62,0.65,0.35,0.06,0.4,0,0,0,0,BP
0,tcp,http,OTH,278,0,0,0,0,3,164,0,0,0,0,1,0,0.98,3,65,1,0,0.42,0.95,0,0,0,0,OaU
0,tcp,http,OTH,60,0,0,0,0,157,256,0,0,0,0,0.83,0.17,0.49,48,81,0.79,0.21,0,0.53,0,0,0,0,OaU
0,tcp,http,OTH,54,0,0,0,0,11,197,0,0,0,0,1,0,0.94,5,74,1,0,0.45,0.93,0,0,0,0,DoS_Gas
0,tcp,http,OTH,278,0,0,0,0,69,389,0,0,0,0,1,0,0.82,13,92,1,0,0.38,0.86,0,0,0,0,DoS_Gas
0,tcp,http,OTH,194,0,0,0,0,160,187,0,0,0,0,0.69,0.31,0.41,42,44,0.6,0.4,0.07,0.43,0,0,0,0,FoT
0,tcp,http,OTH,54,0,0,0,0,6,40,0,0,0,0,1,0,0.85,6,40,1,0,0.41,0.85,0,0,0,0,OaU
0,tcp,http,OTH,54,0,0,0,0,0,4,0,0,0,0,0,0,1,0,4,0,0,0.2,1,0,0,0,0,BP
0,tcp,http,OTH,210,0,0,0,0,54,39,0,0,0,0,0.43,0.57,0.41,49,39,0.47,0.53,0.03,0.41,0,0,0,0,OaU
0,tcp,http,OTH,54,0,0,0,0,10,302,0,0,0,0,1,0,0.97,2,80,1,0,0.41,0.97,0,0,0,0,BP
0,udp,other,SF,60,0,0,0,0,39947,39870,0,0,0,0,0.99,0.01,0,100,100,1,0,0,0,0,0,0,0,DoS
0,udp,other,SF,60,0,0,0,0,6351,6301,0,0,0,0,0.97,0.03,0.02,100,100,1,0,0,0,0,0,0,0,DoS
0,tcp,http,OTH,60,0,0,0,0,49289,49350,0,0,0,0,1,0,0,100,100,1,0,0,0,0,0,0,0,DoS
0,tcp,http,OTH,54,0,0,0,0,0,15492,0,0,0,0,0,0,1,0,100,0,0,0.48,1,0,0,0,0,DoS
0,tcp,http,OTH,278,0,0,0,0,72,311,0,0,0,0,1,0,0.77,14,76,1,0,0.35,0.82,0,0,0,0,DoS_Gas
0,tcp,http,OTH,60,0,0,0,0,398,497,0,0,0,0,0.76,0.24,0.39,48,50,0.62,0.38,0.04,0.4,0,0,0,0,FoT
0,tcp,http,OTH,210,0,0,0,0,305,384,0,0,0,0,0.76,0.24,0.39,59,72,0.75,0.25,0.05,0.39,0,0,0,0,DoS_Gas
0,tcp,http,OTH,60,0,0,0,0,8781,8792,0,0,0,0,1,0,0,100,100,1,0,0,0,0,0,0,0,DoS
0,tcp,http,OTH,54,0,0,0,0,20,353,0,0,0,0,1,0,0.94,20,78,1,0,0.43,0.74,0,0,0,0,OaU
0,udp,other,SF,60,0,0,0,0,52269,51995,0,0,0,0,0.99,0.01,0,100,100,1,0,0,0,0,0,0,0,DoS
0,udp,other,SF,60,0,0,0,0,28209,28205,0,0,0,0,0.99,0.01,0.01,100,100,1,0,0,0,0,0,0,0,DoS
0,tcp,http,OTH,283,0,0,0,0,617,863,0,0,0,0,0.82,0.18,0.41,57,67,0.81,0.19,0.01,0.31,0,0,0,0,FoT
0,udp,other,SF,60,0,0,0,0,30352,30272,0,0,0,0,0.99,0.01,0,100,100,1,0,0,0,0,0,0,0,DoS
0,udp,other,SF,60,0,0,0,0,68265,68201,0,0,0,0,1,0,0,98,100,1,0,0,0.02,0,0.01,0,0,DoS
0,tcp,http,OTH,283,0,0,0,0,4,1,0,0,0,0,0.25,0.75,0,4,1,0.25,0.75,0,0,0,0,0,0,BP
0,udp,other,SF,60,0,0,0,0,47910,47605,0,0,0,0,0.99,0.01,0,100,100,1,0,0,0,0,0,0,0,DoS
0,tcp,http,OTH,278,0,0,0,0,39,191,0,0,0,0,1,0,0.8,19,90,1,0,0.44,0.79,0,0,0,0,DoS_Gas
0,tcp,http,OTH,54,0,0,0,0,0,38250,0,0,0,0,0,0,1,0,100,0,0,0.49,1,0,0,0,0,DoS
0,tcp,http,OTH,581,0,0,0,0,23,56,0,0,0,0,0.96,0.04,0.61,23,56,0.96,0.04,0.39,0.61,0,0,0,0,FoT
0,tcp,http,OTH,283,0,0,0,0,451,579,0,0,0,0,0.76,0.24,0.41,54,56,0.57,0.43,0.07,0.45,0,0,0,0,DoS_Gas
0,tcp,http,OTH,60,0,0,0,0,5529,5509,0,0,0,0,1,0,0,100,100,1,0,0,0,0,0,0,0,DoS
0,tcp,http,OTH,278,0,0,0,0,65,430,0,0,0,0,1,0,0.85,7,94,1,0,0.36,0.93,0,0,0,0,FoT
0,udp,other,SF,60,0,0,0,0,52045,51949,0,0,0,0,1,0,0,100,100,1,0,0,0,0,0,0,0,DoS
0,tcp,http,S1,60,58,0,0,0,2895,4923,0.9,0.53,0,0,0.97,0.03,0.43,100,100,1,0,0,0,1,1,0,0,DoS
0,tcp,http,OTH,283,0,0,0,0,134,160,0,0,0,0,0.74,0.26,0.38,54,67,0.7,0.3,0,0.43,0,0,0,0,OaU
0,tcp,http,S1,60,0,0,0,0,5863,5916,0.95,0.95,0,0,0.98,0.02,0.03,100,100,1,0,0,0,1,1,0,0,DoS
0,udp,other,SF,60,0,0,0,0,22855,22747,0,0,0,0,0.99,0.01,0.01,100,100,1,0,0,0,0,0,0,0,DoS
0,tcp,http,OTH,210,0,0,0,0,292,414,0,0,0,0,0.82,0.18,0.43,52,66,0.77,0.23,0.06,0.39,0,0,0,0,FoT
0,tcp,http,OTH,60,0,0,0,0,18414,18393,0,0,0,0,1,0,0,100,100,1,0,0,0,0,0,0,0,DoS
0,udp,other,SF,60,0,0,0,0,43295,43092,0,0,0,0,0.99,0.01,0.01,100,100,1,0,0,0,0,0,0,0,DoS
0,tcp,http,OTH,54,0,0,0,0,216,1182,0,0,0,0,1,0,0.82,18,80,1,0,0.41,0.78,0,0,0,0,FoT
0,tcp,http,OTH,54,0,0,0,0,22,47,0,0,0,0,1,0,0.53,22,47,1,0,0.46,0.53,0,0,0,0,FoT
0,tcp,http,OTH,60,0,0,0,0,355,425,0,0,0,0,0.73,0.27,0.39,61,62,0.64,0.36,0.03,0.37,0,0,0,0,OaU
0,tcp,http,OTH,60,0,0,0,0,33410,33576,0,0,0,0,1,0,0.01,89,96,0.98,0.02,0,0.09,0,0,0,0,DoS
0,tcp,http,OTH,278,0,0,0,0,15,34,0,0,0,0,1,0,0.56,15,34,1,0,0.43,0.56,0,0,0,0,FoT
0,tcp,http,OTH,54,0,0,0,0,13,121,0,0,0,0,1,0,0.89,3,28,1,0,0.38,0.89,0,0,0,0,FoT
0,tcp,http,OTH,210,0,0,0,0,246,317,0,0,0,0,0.75,0.25,0.42,58,90,0.91,0.09,0.02,0.41,0,0,0,0,FoT
0,tcp,http,OTH,278,0,0,0,0,5,462,0,0,0,0,1,0,0.99,1,85,1,0,0.35,0.99,0,0,0,0,OaU
0,tcp,http,OTH,278,0,0,0,0,9,96,0,0,0,0,1,0,0.91,9,82,1,0,0.48,0.89,0,0,0,0,DoS_Gas
0,tcp,http,OTH,283,0,0,0,0,247,273,0,0,0,0,0.64,0.36,0.42,50,91,0.9,0.1,0,0.51,0,0,0,0,OaU
0,tcp,http,OTH,283,0,0,0,0,568,751,0,0,0,0,0.77,0.23,0.42,54,87,0.85,0.15,0.14,0.47,0,0,0,0,DoS_Gas
0,udp,other,SF,60,0,0,0,0,75042,74994,0,0,0,0,1,0,0,100,100,1,0,0,0,0,0,0,0,DoS
0,tcp,http,OTH,210,0,0,0,0,346,386,0,0,0,0,0.67,0.33,0.4,63,82,0.84,0.16,0.05,0.35,0,0,0,0,FoT
0,tcp,http,OTH,283,0,0,0,0,201,262,0,0,0,0,0.77,0.23,0.41,52,66,0.73,0.27,0.09,0.42,0,0,0,0,FoT
0,tcp,http,OTH,54,0,0,0,0,143,212,0,0,0,0,0.13,0.87,0.92,49,21,0,1,0.32,1,0,0,0,0,FoT
0,tcp,http,OTH,276,0,0,0,0,23,152,0,0,0,0,1,0,0.85,3,52,1,0,0.42,0.94,0,0,0,0,FoT
0,tcp,http,OTH,278,0,0,0,0,53,117,0,0,0,0,0.02,0.98,0.99,12,48,0.08,0.92,0.49,0.98,0,0,0,0,DoS_Gas
0,tcp,http,OTH,60,0,0,0,0,3091,3114,0,0,0,0,1,0,0.01,100,100,1,0,0,0,0,0,0,0,DoS
0,tcp,http,OTH,60,0,0,0,0,55175,55278,0,0,0,0,1,0,0,95,100,1,0,0,0.05,0,0,0,0,DoS
0,udp,other,SF,60,0,0,0,0,1849,1707,0,0,0,0,0.86,0.14,0.07,100,100,1,0,0,0,0,0,0,0,DoS
0,tcp,http,OTH,278,0,0,0,0,119,402,0,0,0,0,0.61,0.39,0.82,25,91,0.84,0.16,0.43,0.77,0,0,0,0,FoT
0,tcp,http,OTH,283,0,0,0,0,15,15,0,0,0,0,0.53,0.47,0.47,15,15,0.53,0.47,0.19,0.47,0,0,0,0,BP
0,tcp,http,OTH,581,0,0,0,0,6,20,0,0,0,0,0.5,0.5,0.85,6,20,0.5,0.5,0.38,0.85,0,0,0,0,FoT
0,tcp,http,OTH,278,0,0,0,0,41,321,0,0,0,0,1,0,0.87,9,89,1,0,0.42,0.9,0,0,0,0,DoS_Gas
0,tcp,http,OTH,54,0,0,0,0,21,110,0,0,0,0,1,0,0.81,9,62,1,0,0.43,0.85,0,0,0,0,DoS_Gas
0,tcp,http,OTH,283,0,0,0,0,217,241,0,0,0,0,0.64,0.36,0.43,55,58,0.56,0.44,0.07,0.47,0,0,0,0,DoS_Gas
0,tcp,http,OTH,60,0,0,0,0,147,226,0,0,0,0,0.92,0.08,0.4,57,91,0.91,0.09,0.09,0.43,0,0,0,0,FoT
0,tcp,http,OTH,54,0,0,0,0,115,184,0,0,0,0,0.38,0.62,0.76,36,43,0.53,0.47,0.43,0.56,0,0,0,0,FoT
0,tcp,http,OTH,60,0,0,0,0,410,514,0,0,0,0,0.74,0.26,0.41,56,84,0.88,0.12,0.02,0.42,0,0,0,0,DoS_Gas
0,tcp,http,OTH,54,0,0,0,0,2,7,0,0,0,0,0.5,0.5,0.86,2,7,0.5,0.5,0.12,0.86,0,0,0,0,FoT
0,tcp,http,OTH,210,0,0,0,0,130,134,0,0,0,0,0.62,0.38,0.4,54,49,0.59,0.41,0.04,0.35,0,0,0,0,DoS_Gas
0,udp,other,SF,60,0,0,0,0,15822,15661,0,0,0,0,0.98,0.02,0.01,100,100,1,0,0,0,0,0,0,0,DoS
0,tcp,http,S1,60,58,0,0,0,7567,7565,0.97,0.97,0,0,0.99,0.01,0.01,98,98,1,0,0,0,1,1,0,0,DoS
0,tcp,http,S1,60,58,0,0,0,5557,5568,0.92,0.92,0,0,0.97,0.03,0.03,100,100,1,0,0,0,1,1,0,0,DoS
0,tcp,http,OTH,194,0,0,0,0,374,323,0,0,0,0,0.47,0.53,0.45,54,65,0.59,0.41,0.02,0.51,0,0,0,0,DoS_Gas
0,tcp,http,OTH,283,0,0,0,0,749,967,0,0,0,0,0.76,0.24,0.41,59,88,0.9,0.1,0.02,0.4,0,0,0,0,DoS_Gas
0,tcp,http,OTH,54,0,0,0,0,17,379,0,0,0,0,1,0,0.96,17,89,1,0,0.38,0.81,0,0,0,0,OaU
0,tcp,http,OTH,60,0,0,0,0,78,78,0,0,0,0,0.53,0.47,0.47,51,56,0.53,0.47,0.04,0.52,0,0,0,0,DoS_Gas
0,tcp,http,OTH,278,0,0,0,0,3,76,0,0,0,0,1,0,0.96,3,65,1,0,0.45,0.95,0,0,0,0,OaU
0,tcp,http,OTH,60,0,0,0,0,325,420,0,0,0,0,0.77,0.23,0.4,43,57,0.67,0.33,0.07,0.49,0,0,0,0,FoT
0,tcp,http,OTH,60,0,0,0,0,15976,15969,0,0,0,0,1,0,0,100,100,1,0,0,0,0,0,0,0,DoS
0,udp,other,SF,60,0,0,0,0,4672,4555,0,0,0,0,0.95,0.05,0.03,83,83,1,0,0,0,0,0,0,0,DoS
0,tcp,http,OTH,210,0,0,0,0,310,255,0,0,0,0,0.49,0.51,0.4,49,37,0.49,0.51,0.05,0.35,0,0,0,0,DoS_Gas
0,tcp,http,OTH,278,0,0,0,0,22,53,0,0,0,0,0.77,0.23,0.68,22,53,0.77,0.23,0.37,0.68,0,0,0,0,DoS_Gas
0,tcp,http,OTH,325,0,0,0,0,251,899,0,0,0,0,0.66,0.34,0.82,20,87,0.85,0.15,0.38,0.8,0,0,0,0,FoT
0,tcp,http,OTH,54,0,0,0,0,35,342,0,0,0,0,1,0,0.9,35,80,1,0,0.43,0.56,0,0,0,0,OaU
0,tcp,http,OTH,54,0,0,0,0,6,41,0,0,0,0,1,0,0.85,6,41,1,0,0.4,0.85,0,0,0,0,DoS_Gas
0,tcp,http,OTH,278,0,0,0,0,5,11,0,0,0,0,1,0,0.55,5,11,1,0,0.42,0.55,0,0,0,0,FoT
0,tcp,http,OTH,54,0,0,0,0,144,406,0,0,0,0,0.28,0.72,0.9,20,56,0,1,0.39,1,0,0,0,0,FoT
0,tcp,http,OTH,283,0,0,0,0,179,214,0,0,0,0,0.72,0.28,0.4,52,64,0.79,0.21,0,0.36,0,0,0,0,FoT
0,tcp,http,OTH,278,0,0,0,0,30,195,0,0,0,0,1,0,0.85,10,69,1,0,0.4,0.86,0,0,0,0,DoS_Gas
0,tcp,http,OTH,278,0,0,0,0,294,1066,0,0,0,0,0.59,0.41,0.84,12,92,0.75,0.25,0.34,0.9,0,0,0,0,FoT
0,tcp,http,S1,60,58,0,0,0,7586,9682,0.96,0.75,0,0,0.99,0.01,0.23,100,100,1,0,0,0,1,1,0,0,DoS
0,tcp,http,OTH,579,0,0,0,0,109,544,0,0,0,0,1,0,0.8,21,92,1,0,0.45,0.77,0,0,0,0,FoT
0,tcp,http,OTH,283,0,0,0,0,187,156,0,0,0,0,0.47,0.53,0.44,51,55,0.59,0.41,0.14,0.45,0,0,0,0,DoS_Gas
0,tcp,http,OTH,210,0,0,0,0,454,555,0,0,0,0,0.71,0.29,0.42,62,87,0.87,0.13,0.11,0.38,0,0,0,0,FoT
0,tcp,http,OTH,60,0,0,0,0,141,108,0,0,0,0,0.45,0.55,0.41,47,36,0.45,0.55,0.14,0.42,0,0,0,0,BP
0,tcp,http,OTH,283,0,0,0,0,96,150,0,0,0,0,0.9,0.1,0.43,52,87,0.88,0.12,0.05,0.47,0,0,0,0,FoT
0,tcp,http,OTH,278,0,0,0,0,15,76,0,0,0,0,1,0,0.8,7,35,1,0,0.44,0.8,0,0,0,0,DoS_Gas
0,tcp,http,OTH,60,0,0,0,0,937,1365,0,0,0,0,0.86,0.14,0.41,62,80,0.87,0.13,0.02,0.33,0,0,0,0,FoT
0,tcp,http,OTH,54,0,0,0,0,32,254,0,0,0,0,1,0,0.87,18,81,1,0,0.44,0.78,0,0,0,0,OaU
0,tcp,http,OTH,278,0,0,0,0,22,187,0,0,0,0,1,0,0.88,9,69,1,0,0.41,0.87,0,0,0,0,FoT
0,tcp,http,OTH,54,0,0,0,0,9,31,0,0,0,0,0.22,0.78,0.94,9,31,0.22,0.78,0.28,0.94,0,0,0,0,DoS_Gas
0,tcp,http,OTH,54,0,0,0,0,0,26757,0,0,0,0,0,0,1,0,100,0,0,0.45,1,0,0,0,0,DoS
0,tcp,http,OTH,54,0,0,0,0,781,2877,0,0,0,0,0.72,0.28,0.81,32,91,0.97,0.03,0.48,0.66,0,0,0,0,FoT
0,tcp,http,OTH,210,0,0,0,0,643,722,0,0,0,0,0.7,0.3,0.38,50,97,0.96,0.04,0.01,0.51,0,0,0,0,FoT
0,tcp,http,OTH,210,0,0,0,0,268,386,0,0,0,0,0.82,0.18,0.43,57,76,0.81,0.19,0.09,0.39,0,0,0,0,FoT
0,tcp,http,OTH,60,0,0,0,0,178,242,0,0,0,0,0.79,0.21,0.42,55,87,0.91,0.09,0.02,0.43,0,0,0,0,FoT
0,tcp,http,OTH,252,0,0,0,0,252,329,0,0,0,0,0.8,0.2,0.39,61,75,0.77,0.23,0.13,0.37,0,0,0,0,BP
0,tcp,http,OTH,278,0,0,0,0,23,70,0,0,0,0,1,0,0.67,23,65,1,0,0.38,0.65,0,0,0,0,OaU
0,tcp,http,OTH,278,0,0,0,0,13,124,0,0,0,0,1,0,0.9,3,45,1,0,0.43,0.93,0,0,0,0,FoT
0,tcp,http,OTH,278,0,0,0,0,43,40,0,0,0,0,0.02,0.98,0.97,27,26,0.04,0.96,0.37,0.96,0,0,0,0,DoS_Gas
0,tcp,http,OTH,278,0,0,0,0,37,243,0,0,0,0,1,0,0.85,17,90,1,0,0.41,0.81,0,0,0,0,DoS_Gas
0,tcp,http,OTH,54,0,0,0,0,201,556,0,0,0,0,0.33,0.67,0.88,19,51,0.32,0.68,0.37,0.88,0,0,0,0,DoS_Gas
0,tcp,http,OTH,278,0,0,0,0,128,411,0,0,0,0,0.38,0.62,0.88,5,73,0.2,0.8,0.35,0.99,0,0,0,0,DoS_Gas
0,tcp,http,OTH,54,0,0,0,0,0,125,0,0,0,0,0,0,1,0,91,0,0,0.46,1,0,0,0,0,OaU
0,tcp,http,OTH,54,0,0,0,0,0,586,0,0,0,0,0,0,1,0,99,0,0,0.49,1,0,0,0,0,DoS
0,tcp,http,OTH,283,0,0,0,0,3,2,0,0,0,0,0.33,0.67,0.5,3,2,0.33,0.67,0,0.5,0,0,0,0,DoS_Gas
0,tcp,http,OTH,54,0,0,0,0,12,56,0,0,0,0,1,0,0.79,12,56,1,0,0.46,0.79,0,0,0,0,OaU
0,udp,other,SF,60,0,0,0,0,54828,54826,0,0,0,0,1,0,0,100,100,1,0,0,0,0,0,0,0,DoS
0,udp,other,SF,60,0,0,0,0,53522,53249,0,0,0,0,0.99,0.01,0,99,100,1,0,0,0.01,0,0,0,0,DoS
0,tcp,http,OTH,58,0,0,0,0,0,308,0,0,0,0,0,0,1,0,86,0,0,0.8,1,0,0,0,0,DoS
0,tcp,http,OTH,283,0,0,0,0,299,282,0,0,0,0,0.54,0.46,0.43,46,50,0.65,0.35,0,0.4,0,0,0,0,DoS_Gas
0,tcp,http,OTH,324,0,0,0,0,31,161,0,0,0,0,1,0,0.81,31,73,1,0,0.43,0.58,0,0,0,0,OaU
0,tcp,http,OTH,283,0,0,0,0,83,129,0,0,0,0,0.9,0.1,0.42,53,85,0.91,0.09,0,0.44,0,0,0,0,OaU
0,tcp,http,OTH,283,0,0,0,0,115,135,0,0,0,0,0.7,0.3,0.41,53,60,0.66,0.34,0,0.42,0,0,0,0,DoS_Gas
0,tcp,http,OTH,283,0,0,0,0,15,24,0,0,0,0,0.8,0.2,0.5,15,24,0.8,0.2,0,0.5,0,0,0,0,DoS_Gas
0,tcp,http,OTH,283,0,0,0,0,49,71,0,0,0,0,0.84,0.16,0.42,49,71,0.84,0.16,0,0.42,0,0,0,0,OaU
0,tcp,http,OTH,579,0,0,0,0,91,200,0,0,0,0,0.46,0.54,0.79,37,63,0.76,0.24,0.44,0.56,0,0,0,0,FoT
0,tcp,http,OTH,210,0,0,0,0,88,90,0,0,0,0,0.64,0.36,0.38,37,22,0.32,0.68,0.04,0.45,0,0,0,0,DoS_Gas
0,udp,other,SF,60,0,0,0,0,46675,46387,0,0,0,0,0.99,0.01,0,100,100,1,0,0,0,0,0,0,0,DoS
0,tcp,http,OTH,60,0,0,0,0,349,515,0,0,0,0,0.87,0.13,0.41,54,99,0.98,0.02,0.02,0.46,0,0,0,0,OaU
0,tcp,http,OTH,54,0,0,0,0,147,945,0,0,0,0,1,0,0.84,19,89,1,0,0.48,0.79,0,0,0,0,FoT
0,tcp,http,OTH,60,0,0,0,0,413,595,0,0,0,0,0.82,0.18,0.43,55,92,0.93,0.07,0,0.45,0,0,0,0,FoT
0,udp,other,SF,60,0,0,0,0,7215,7091,0,0,0,0,0.97,0.03,0.02,100,100,1,0,0,0,0,0,0,0,DoS
0,tcp,http,OTH,60,0,0,0,0,26540,26604,0,0,0,0,1,0,0,100,100,1,0,0,0,0,0,0,0,DoS
0,tcp,http,OTH,60,0,0,0,0,7845,7835,0,0,0,0,1,0,0,100,100,1,0,0,0,0,0,0,0,DoS
0,tcp,http,OTH,283,0,0,0,0,279,358,0,0,0,0,0.78,0.22,0.39,54,87,0.91,0.09,0.06,0.44,0,0,0,0,DoS_Gas
0,udp,other,SF,60,0,0,0,0,45461,45308,0,0,0,0,0.99,0.01,0,76,76,1,0,0,0,0,0,0,0,DoS
0,tcp,http,OTH,60,0,0,0,0,6884,6908,0,0,0,0,1,0,0.01,100,99,0.99,0.01,0,0,0,0,0,0,DoS
0,tcp,http,OTH,283,0,0,0,0,88,54,0,0,0,0,0.36,0.64,0.41,50,48,0.54,0.46,0.06,0.44,0,0,0,0,FoT
0,tcp,http,OTH,210,0,0,0,0,143,199,0,0,0,0,0.81,0.19,0.42,54,68,0.72,0.28,0.07,0.43,0,0,0,0,DoS_Gas
0,tcp,http,OTH,210,0,0,0,0,409,479,0,0,0,0,0.69,0.31,0.41,58,76,0.81,0.19,0.04,0.38,0,0,0,0,DoS_Gas
0,udp,other,SF,60,0,0,0,0,26113,26016,0,0,0,0,0.99,0.01,0.01,100,100,1,0,0,0,0,0,0,0,DoS
0,tcp,http,S1,60,58,0,0,0,53060,54980,0.99,0.96,0,0,1,0,0.04,99,99,1,0,0,0,1,1,0,0,DoS
0,tcp,http,OTH,278,0,0,0,0,97,434,0,0,0,0,0.44,0.56,0.9,11,75,0.45,0.55,0.34,0.93,0,0,0,0,DoS_Gas
0,tcp,http,OTH,283,0,0,0,0,263,280,0,0,0,0,0.63,0.37,0.41,58,57,0.59,0.41,0.05,0.4,0,0,0,0,BP
0,tcp,http,OTH,54,0,0,0,0,5,18,0,0,0,0,1,0,0.72,5,18,1,0,0.26,0.72,0,0,0,0,FoT
0,tcp,http,OTH,283,0,0,0,0,447,635,0,0,0,0,0.85,0.15,0.4,57,59,0.75,0.25,0.03,0.27,0,0,0,0,FoT
0,tcp,http,OTH,283,0,0,0,0,293,362,0,0,0,0,0.76,0.24,0.38,43,49,0.6,0.4,0.06,0.47,0,0,0,0,FoT
0,tcp,http,OTH,60,0,0,0,0,37892,37954,0,0,0,0,1,0,0,100,100,1,0,0,0,0,0,0,0,DoS
0,tcp,http,OTH,278,0,0,0,0,34,206,0,0,0,0,1,0,0.83,14,73,1,0,0.47,0.81,0,0,0,0,DoS_Gas
0,tcp,http,S1,60,58,0,0,0,24849,24913,0.99,0.98,0,0,1,0,0.01,100,100,1,0,0,0,1,1,0,0,DoS
0,tcp,http,OTH,60,0,0,0,0,144,206,0,0,0,0,0.8,0.2,0.44,54,74,0.81,0.19,0.03,0.41,0,0,0,0,FoT
0,tcp,http,OTH,54,0,0,0,0,183,899,0,0,0,0,1,0,0.8,27,99,1,0,0.48,0.73,0,0,0,0,FoT
0,tcp,http,OTH,54,0,0,0,0,0,16227,0,0,0,0,0,0,1,0,100,0,0,0.49,1,0,0,0,0,DoS
0,tcp,http,OTH,60,0,0,0,0,10361,10354,0,0,0,0,1,0,0,99,99,1,0,0,0,0,0,0,0,DoS
0,tcp,http,OTH,278,0,0,0,0,19,142,0,0,0,0,1,0,0.87,19,68,1,0,0.36,0.72,0,0,0,0,OaU
0,tcp,http,OTH,60,0,0,0,0,148,220,0,0,0,0,0.9,0.1,0.4,59,86,0.92,0.08,0.07,0.37,0,0,0,0,BP
0,tcp,http,OTH,60,0,0,0,0,123,136,0,0,0,0,0.68,0.32,0.38,65,80,0.83,0.17,0.02,0.33,0,0,0,0,FoT
0,tcp,http,OTH,210,0,0,0,0,112,127,0,0,0,0,0.73,0.27,0.35,47,32,0.51,0.49,0.03,0.25,0,0,0,0,DoS_Gas
0,tcp,http,OTH,278,0,0,0,0,140,473,0,0,0,0,1,0,0.7,27,88,1,0,0.48,0.69,0,0,0,0,OaU
0,udp,other,SF,60,0,0,0,0,30365,30265,0,0,0,0,0.99,0.01,0,100,100,1,0,0,0,0,0,0,0,DoS
0,tcp,http,OTH,54,0,0,0,0,89,250,0,0,0,0,0.75,0.25,0.73,27,81,0.89,0.11,0.41,0.7,0,0,0,0,FoT
0,tcp,http,OTH,320,0,0,0,0,3,111,0,0,0,0,1,0,0.97,1,86,1,0,0.38,0.99,0,0,0,0,BP
0,tcp,http,OTH,60,0,0,0,0,562,780,0,0,0,0,0.82,0.18,0.41,55,72,0.8,0.2,0.03,0.39,0,0,0,0,FoT
0,tcp,http,OTH,278,0,0,0,0,197,1134,0,0,0,0,1,0,0.83,13,76,1,0,0.42,0.83,0,0,0,0,DoS_Gas
0,tcp,http,OTH,210,0,0,0,0,312,354,0,0,0,0,0.67,0.33,0.41,46,46,0.61,0.39,0.04,0.39,0,0,0,0,FoT
0,tcp,http,OTH,283,0,0,0,0,241,332,0,0,0,0,0.85,0.15,0.38,59,95,0.97,0.03,0,0.4,0,0,0,0,OaU
0,tcp,http,OTH,210,0,0,0,0,116,117,0,0,0,0,0.59,0.41,0.42,55,64,0.65,0.35,0.02,0.44,0,0,0,0,OaU
0,tcp,http,OTH,54,0,0,0,0,92,412,0,0,0,0,1,0,0.78,28,87,1,0,0.45,0.68,0,0,0,0,OaU
0,tcp,http,OTH,54,0,0,0,0,93,125,0,0,0,0,0.33,0.67,0.75,13,58,0.54,0.46,0.36,0.88,0,0,0,0,DoS_Gas
0,tcp,http,S1,60,58,0,0,0,10348,10431,0.97,0.96,0,0,0.99,0.01,0.02,100,100,1,0,0,0,1,1,0,0,DoS
0,tcp,http,OTH,581,0,0,0,0,7,395,0,0,0,0,1,0,0.98,1,73,1,0,0.31,0.99,0,0,0,0,OaU
0,tcp,http,S1,60,58,0,0,0,27117,27160,0.98,0.98,0,0,0.99,0.01,0.01,100,100,1,0,0,0,1,1,0,0,DoS
0,tcp,http,OTH,60,0,0,0,0,306,396,0,0,0,0,0.75,0.25,0.42,55,40,0.45,0.55,0.12,0.38,0,0,0,0,BP
0,tcp,http,OTH,54,0,0,0,0,2,117,0,0,0,0,1,0,0.98,2,55,1,0,0.36,0.96,0,0,0,0,OaU
0,tcp,http,OTH,283,0,0,0,0,310,352,0,0,0,0,0.68,0.32,0.4,55,81,0.78,0.22,0,0.47,0,0,0,0,OaU
0,tcp,http,OTH,283,0,0,0,0,283,377,0,0,0,0,0.82,0.18,0.38,60,90,0.92,0.08,0,0.39,0,0,0,0,OaU
0,tcp,http,OTH,54,0,0,0,0,0,20250,0,0,0,0,0,0,1,0,100,0,0,0.49,1,0,0,0,0,DoS
0,udp,other,SF,60,0,0,0,0,9928,9651,0,0,0,0,0.96,0.04,0.01,99,100,1,0,0,0.01,0,0.01,0,0,DoS
0,tcp,http,OTH,54,0,0,0,0,54,105,0,0,0,0,0.17,0.83,0.91,18,73,0.39,0.61,0.47,0.9,0,0,0,0,DoS_Gas
0,tcp,http,OTH,60,0,0,0,0,38132,38168,0,0,0,0,1,0,0,100,100,1,0,0,0,0,0,0,0,DoS
0,tcp,http,OTH,54,0,0,0,0,42,274,0,0,0,0,1,0,0.85,17,89,1,0,0.38,0.81,0,0,0,0,FoT
0,tcp,http,OTH,210,0,0,0,0,218,236,0,0,0,0,0.62,0.38,0.42,53,82,0.87,0.13,0.06,0.44,0,0,0,0,DoS_Gas
0,tcp,http,OTH,283,0,0,0,0,350,495,0,0,0,0,0.88,0.12,0.38,55,87,0.91,0.09,0,0.43,0,0,0,0,OaU
0,tcp,http,OTH,283,0,0,0,0,367,400,0,0,0,0,0.65,0.35,0.4,54,63,0.69,0.31,0.12,0.41,0,0,0,0,DoS_Gas
0,udp,other,SF,60,0,0,0,0,43240,43111,0,0,0,0,0.99,0.01,0,100,100,1,0,0,0,0,0,0,0,DoS
0,tcp,http,OTH,60,0,0,0,0,238,316,0,0,0,0,0.77,0.23,0.42,55,84,0.87,0.13,0.02,0.43,0,0,0,0,OaU
0,tcp,http,OTH,210,0,0,0,0,23,29,0,0,0,0,0.74,0.26,0.41,23,29,0.74,0.26,0.03,0.41,0,0,0,0,DoS_Gas
0,tcp,http,OTH,60,0,0,0,0,33519,33510,0,0,0,0,1,0,0,100,100,1,0,0,0,0,0,0,0,DoS
0,tcp,http,OTH,60,0,0,0,0,31614,31742,0,0,0,0,1,0,0,100,100,1,0,0,0,0,0,0,0,DoS
0,tcp,http,OTH,278,0,0,0,0,7,86,0,0,0,0,1,0,0.92,3,66,1,0,0.42,0.95,0,0,0,0,FoT
0,tcp,http,OTH,278,0,0,0,0,270,925,0,0,0,0,0.67,0.33,0.81,32,82,0.91,0.09,0.4,0.65,0,0,0,0,FoT
0,tcp,http,OTH,283,0,0,0,0,110,125,0,0,0,0,0.67,0.33,0.41,54,67,0.7,0.3,0,0.43,0,0,0,0,OaU
0,tcp,http,OTH,283,0,0,0,0,118,164,0,0,0,0,0.75,0.25,0.46,54,82,0.81,0.19,0.07,0.46,0,0,0,0,OaU
0,tcp,http,OTH,60,0,0,0,0,216,202,0,0,0,0,0.56,0.44,0.4,54,51,0.57,0.43,0.1,0.39,0,0,0,0,FoT
0,tcp,http,OTH,283,0,0,0,0,20,3,0,0,0,0,0.15,0.85,0,20,3,0.15,0.85,0.25,0,0,0,0,0,BP
0,tcp,http,OTH,60,0,0,0,0,159,112,0,0,0,0,0.41,0.59,0.42,51,33,0.35,0.65,0.15,0.45,0,0,0,0,DoS_Gas
0,tcp,http,OTH,60,0,0,0,0,110,33,0,0,0,0,0.15,0.85,0.48,47,29,0.32,0.68,0.07,0.48,0,0,0,0,OaU
0,tcp,http,OTH,60,0,0,0,0,113,183,0,0,0,0,0.96,0.04,0.41,56,100,1,0,0.02,0.44,0,0,0,0,FoT
0,tcp,http,OTH,54,0,0,0,0,12,135,0,0,0,0,1,0,0.91,12,62,1,0,0.38,0.81,0,0,0,0,OaU
0,tcp,http,OTH,54,0,0,0,0,0,14502,0,0,0,0,0,0,1,0,100,0,0,0.49,1,0,0,0,0,DoS
0,tcp,http,OTH,283,0,0,0,0,289,292,0,0,0,0,0.63,0.37,0.37,51,55,0.67,0.33,0,0.38,0,0,0,0,DoS_Gas
0,tcp,http,OTH,283,0,0,0,0,287,364,0,0,0,0,0.78,0.22,0.38,53,71,0.7,0.3,0,0.48,0,0,0,0,OaU
0,tcp,http,OTH,60,0,0,0,0,438,831,0,0,0,0,1,0,0.47,52,98,0.98,0.02,0,0.48,0,0,0,0,DoS
0,udp,other,SF,60,0,0,0,0,38071,37838,0,0,0,0,0.99,0.01,0,100,100,1,0,0,0,0,0,0,0,DoS
0,tcp,http,OTH,210,0,0,0,0,10,5,0,0,0,0,0.3,0.7,0.4,10,5,0.3,0.7,0.17,0.4,0,0,0,0,DoS_Gas
0,udp,other,SF,60,0,0,0,0,37227,37154,0,0,0,0,0.99,0.01,0,100,100,1,0,0,0,0,0,0,0,DoS
0,udp,other,SF,60,0,0,0,0,42485,42219,0,0,0,0,0.99,0.01,0,99,99,1,0,0,0,0,0,0,0,DoS
0,tcp,http,OTH,60,0,0,0,0,216,214,0,0,0,0,0.58,0.42,0.42,58,62,0.64,0.36,0.08,0.4,0,0,0,0,BP
0,tcp,http,OTH,283,0,0,0,0,368,574,0,0,0,0,0.92,0.08,0.41,62,92,0.94,0.06,0.02,0.37,0,0,0,0,FoT
0,tcp,http,OTH,283,0,0,0,0,208,233,0,0,0,0,0.66,0.34,0.41,38,16,0.26,0.74,0,0.38,0,0,0,0,FoT
0,tcp,http,OTH,278,0,0,0,0,111,424,0,0,0,0,0.71,0.29,0.81,27,60,0.85,0.15,0.41,0.62,0,0,0,0,FoT
0,tcp,http,OTH,54,0,0,0,0,489,1538,0,0,0,0,0.64,0.36,0.8,40,99,0.97,0.03,0.47,0.61,0,0,0,0,FoT
0,tcp,http,OTH,60,0,0,0,0,417,669,0,0,0,0,0.92,0.08,0.42,52,92,0.92,0.08,0.09,0.48,0,0,0,0,DoS_Gas
0,tcp,http,OTH,54,0,0,0,0,8,185,0,0,0,0,1,0,0.96,2,37,1,0,0.39,0.95,0,0,0,0,BP
0,tcp,http,OTH,54,0,0,0,0,82,92,0,0,0,0,0.21,0.79,0.82,53,18,0.13,0.87,0.37,0.61,0,0,0,0,FoT
0,tcp,http,OTH,54,0,0,0,0,18,438,0,0,0,0,1,0,0.96,2,79,1,0,0.44,0.97,0,0,0,0,BP
0,udp,other,SF,60,0,0,0,0,70853,70699,0,0,0,0,1,0,0,100,100,1,0,0,0,0,0,0,0,DoS
0,tcp,http,OTH,60,0,0,0,0,96,99,0,0,0,0,0.6,0.4,0.41,53,62,0.64,0.36,0.03,0.45,0,0,0,0,OaU
0,tcp,http,OTH,54,0,0,0,0,167,507,0,0,0,0,0.56,0.44,0.81,38,78,0.53,0.47,0.41,0.74,0,0,0,0,FoT
0,tcp,http,OTH,283,0,0,0,0,35,55,0,0,0,0,0.77,0.23,0.51,35,55,0.77,0.23,0,0.51,0,0,0,0,OaU
0,tcp,http,OTH,54,0,0,0,0,89,167,0,0,0,0,0.18,0.82,0.9,38,36,0.11,0.89,0.41,0.89,0,0,0,0,FoT
0,tcp,http,OTH,60,0,0,0,0,206,168,0,0,0,0,0.49,0.51,0.4,47,58,0.64,0.36,0.07,0.48,0,0,0,0,DoS_Gas
0,udp,other,SF,60,0,0,0,0,66260,65868,0,0,0,0,0.99,0.01,0,100,100,1,0,0,0,0,0,0,0,DoS
0,tcp,http,OTH,60,0,0,0,0,2168,4107,0,0,0,0,1,0,0.47,53,100,1,0,0,0.47,0,0,0,0,DoS
0,tcp,http,OTH,322,0,0,0,0,11,287,0,0,0,0,1,0,0.96,5,64,1,0,0.48,0.92,0,0,0,0,BP
0,tcp,http,OTH,60,0,0,0,0,124,129,0,0,0,0,0.6,0.4,0.42,50,55,0.68,0.32,0,0.38,0,0,0,0,DoS_Gas
0,tcp,http,OTH,283,0,0,0,0,0,0,0,0,0,0,0,0,0,0,0,0,0,0,0,0,0,0,0,BP
0,tcp,http,OTH,283,0,0,0,0,166,171,0,0,0,0,0.58,0.42,0.43,54,39,0.41,0.59,0.15,0.44,0,0,0,0,BP
0,tcp,http,OTH,210,0,0,0,0,133,140,0,0,0,0,0.65,0.35,0.39,52,51,0.63,0.37,0.04,0.35,0,0,0,0,FoT
0,tcp,http,OTH,54,0,0,0,0,7,42,0,0,0,0,1,0,0.83,7,42,1,0,0.35,0.83,0,0,0,0,FoT
0,tcp,http,OTH,54,0,0,0,0,9,117,0,0,0,0,1,0,0.92,9,68,1,0,0.49,0.87,0,0,0,0,OaU
0,udp,other,SF,60,0,0,0,0,52071,51689,0,0,0,0,0.99,0.01,0,100,100,1,0,0,0,0,0,0,0,DoS
0,tcp,http,OTH,283,0,0,0,0,13,12,0,0,0,0,0.62,0.38,0.33,13,12,0.62,0.38,0,0.33,0,0,0,0,OaU
0,udp,other,SF,60,0,0,0,0,6056,5910,0,0,0,0,0.96,0.04,0.01,100,100,1,0,0,0,0,0,0,0,DoS
0,tcp,http,OTH,60,0,0,0,0,36819,36939,0,0,0,0,1,0,0,100,100,1,0,0,0,0,0,0,0,DoS
0,tcp,http,OTH,283,0,0,0,0,210,222,0,0,0,0,0.6,0.4,0.44,53,49,0.51,0.49,0.14,0.45,0,0,0,0,DoS_Gas
0,tcp,http,OTH,54,0,0,0,0,136,211,0,0,0,0,0.15,0.85,0.91,25,19,0.04,0.96,0.35,0.95,0,0,0,0,DoS_Gas
0,tcp,http,OTH,321,0,0,0,0,13,253,0,0,0,0,1,0,0.95,5,58,1,0,0.36,0.91,0,0,0,0,BP
0,tcp,http,OTH,54,0,0,0,0,172,521,0,0,0,0,0.63,0.37,0.79,25,84,0.88,0.12,0.44,0.74,0,0,0,0,FoT
0,tcp,http,OTH,54,0,0,0,0,34,393,0,0,0,0,1,0,0.91,2,99,1,0,0.42,0.98,0,0,0,0,DoS_Gas
0,udp,other,SF,60,0,0,0,0,42759,42633,0,0,0,0,0.99,0.01,0,97,100,1,0,0,0.03,0,0,0,0,DoS
0,tcp,http,OTH,54,0,0,0,0,55,404,0,0,0,0,1,0,0.86,17,83,1,0,0.44,0.8,0,0,0,0,FoT
0,udp,other,SF,60,0,0,0,0,37815,37607,0,0,0,0,0.99,0.01,0,100,100,1,0,0,0,0,0,0,0,DoS
0,tcp,http,OTH,210,0,0,0,0,933,1325,0,0,0,0,0.85,0.15,0.4,51,93,0.96,0.04,0.05,0.47,0,0,0,0,FoT
0,udp,other,SF,60,0,0,0,0,62738,62671,0,0,0,0,0.99,0.01,0,100,100,1,0,0,0,0,0,0,0,DoS
0,tcp,http,OTH,60,0,0,0,0,16106,16088,0,0,0,0,1,0,0,100,100,1,0,0,0,0,0,0,0,DoS
0,tcp,http,S1,60,0,0,0,0,27269,27353,0.98,0.98,0,0,0.99,0.01,0.01,100,100,1,0,0,0,1,1,0,0,DoS
0,tcp,http,OTH,60,0,0,0,0,16585,31464,0,0,0,0,1,0,0.48,51,100,1,0,0,0.49,0,0,0,0,DoS
0,tcp,http,OTH,54,0,0,0,0,13,122,0,0,0,0,1,0,0.89,5,55,1,0,0.39,0.91,0,0,0,0,FoT
0,tcp,http,OTH,324,0,0,0,0,13,131,0,0,0,0,1,0,0.9,13,70,1,0,0.37,0.81,0,0,0,0,DoS_Gas
0,tcp,http,OTH,60,0,0,0,0,94,72,0,0,0,0,0.43,0.57,0.44,52,30,0.37,0.63,0,0.37,0,0,0,0,FoT
0,tcp,http,OTH,322,0,0,0,0,3,41,0,0,0,0,1,0,0.93,3,41,1,0,0.43,0.93,0,0,0,0,BP
0,tcp,http,OTH,322,0,0,0,0,1,8,0,0,0,0,1,0,0.88,1,8,1,0,0.33,0.88,0,0,0,0,BP
0,tcp,http,OTH,283,0,0,0,0,25,23,0,0,0,0,0.56,0.44,0.39,25,23,0.56,0.44,0.04,0.39,0,0,0,0,BP
0,tcp,http,OTH,283,0,0,0,0,239,307,0,0,0,0,0.77,0.23,0.4,56,90,0.91,0.09,0.16,0.43,0,0,0,0,FoT
0,tcp,http,OTH,60,0,0,0,0,20445,38836,0,0,0,0,1,0,0.47,54,100,1,0,0,0.46,0,0,0,0,DoS
0,tcp,http,OTH,60,0,0,0,0,46162,46214,0,0,0,0,1,0,0,100,100,1,0,0,0,0,0,0,0,DoS
0,tcp,http,OTH,278,0,0,0,0,41,267,0,0,0,0,1,0,0.85,7,51,1,0,0.27,0.86,0,0,0,0,DoS_Gas
0,tcp,http,OTH,54,0,0,0,0,120,331,0,0,0,0,0.22,0.78,0.92,47,36,0.13,0.87,0.32,0.83,0,0,0,0,DoS_Gas
0,tcp,http,OTH,209,0,0,0,0,69,91,0,0,0,0,0.75,0.25,0.43,52,62,0.71,0.29,0.02,0.4,0,0,0,0,OaU
0,udp,other,SF,60,0,0,0,0,61436,61260,0,0,0,0,0.99,0.01,0,100,100,1,0,0,0,0,0,0,0,DoS
0,tcp,http,OTH,54,0,0,0,0,5,9,0,0,0,0,0.6,0.4,0.67,5,9,0.6,0.4,0.3,0.67,0,0,0,0,FoT
0,tcp,http,OTH,283,0,0,0,0,266,366,0,0,0,0,0.82,0.18,0.4,59,90,0.92,0.08,0,0.4,0,0,0,0,OaU
0,tcp,http,OTH,210,0,0,0,0,16,13,0,0,0,0,0.44,0.56,0.46,16,13,0.44,0.56,0.36,0.46,0,0,0,0,DoS_Gas
0,tcp,http,OTH,54,0,0,0,0,6,266,0,0,0,0,1,0,0.98,4,76,1,0,0.36,0.95,0,0,0,0,OaU
0,tcp,http,OTH,54,0,0,0,0,0,32535,0,0,0,0,0,0,1,0,100,0,0,0.48,1,0,0,0,0,DoS
0,tcp,http,OTH,60,0,0,0,0,179,253,0,0,0,0,0.74,0.26,0.47,53,69,0.7,0.3,0.09,0.46,0,0,0,0,FoT
0,tcp,http,OTH,283,0,0,0,0,176,236,0,0,0,0,0.77,0.23,0.43,52,85,0.9,0.1,0.02,0.45,0,0,0,0,DoS_Gas
0,tcp,http,OTH,54,0,0,0,0,57,337,0,0,0,0,1,0,0.83,5,94,1,0,0.36,0.95,0,0,0,0,FoT
0,tcp,http,OTH,60,0,0,0,0,38915,38959,0,0,0,0,1,0,0,98,100,1,0,0,0.02,0,0,0,0,DoS
0,tcp,http,OTH,60,0,0,0,0,28052,53202,0,0,0,0,1,0,0.48,51,100,1,0,0,0.49,0,0,0,0,DoS
0,tcp,http,OTH,283,0,0,0,0,410,438,0,0,0,0,0.64,0.36,0.4,54,64,0.61,0.39,0,0.48,0,0,0,0,FoT
0,tcp,http,OTH,279,0,0,0,0,13,34,0,0,0,0,0.85,0.15,0.68,13,34,0.85,0.15,0.43,0.68,0,0,0,0,FoT
0,tcp,http,OTH,278,0,0,0,0,11,22,0,0,0,0,0.91,0.09,0.55,11,22,0.91,0.09,0.43,0.55,0,0,0,0,FoT
0,tcp,http,OTH,54,0,0,0,0,55,206,0,0,0,0,0.51,0.49,0.86,14,82,0.71,0.29,0.42,0.88,0,0,0,0,FoT
0,tcp,http,OTH,278,0,0,0,0,15,185,0,0,0,0,1,0,0.92,15,64,1,0,0.38,0.77,0,0,0,0,OaU
0,tcp,http,OTH,278,0,0,0,0,43,204,0,0,0,0,1,0,0.79,19,68,1,0,0.46,0.72,0,0,0,0,DoS_Gas
0,tcp,http,OTH,60,0,0,0,0,334,517,0,0,0,0,0.89,0.11,0.43,54,95,0.93,0.07,0.02,0.47,0,0,0,0,DoS_Gas
0,udp,other,SF,60,0,0,0,0,64158,64250,0,0,0,0,1,0,0.01,100,100,1,0,0,0,0,0,0,0,DoS
0,tcp,http,OTH,278,0,0,0,0,137,299,0,0,0,0,0.34,0.66,0.84,28,57,0.25,0.75,0.38,0.88,0,0,0,0,DoS_Gas
0,tcp,http,OTH,581,0,0,0,0,88,261,0,0,0,0,0.51,0.49,0.83,11,70,0.45,0.55,0.41,0.93,0,0,0,0,FoT
0,tcp,http,OTH,210,0,0,0,0,1621,2683,0,0,0,0,0.82,0.18,0.5,53,84,0.81,0.19,0.01,0.49,0,0,0,0,FoT
0,tcp,http,OTH,278,0,0,0,0,27,201,0,0,0,0,1,0,0.87,27,86,1,0,0.37,0.69,0,0,0,0,OaU
0,tcp,http,OTH,278,0,0,0,0,141,796,0,0,0,0,1,0,0.82,31,98,1,0,0.42,0.68,0,0,0,0,DoS_Gas
0,tcp,http,OTH,194,0,0,0,0,32,19,0,0,0,0,0.41,0.59,0.32,32,19,0.41,0.59,0.2,0.32,0,0,0,0,DoS_Gas
0,tcp,http,OTH,210,0,0,0,0,136,157,0,0,0,0,0.63,0.37,0.45,49,83,0.82,0.18,0.08,0.52,0,0,0,0,OaU
0,tcp,http,S1,60,58,0,0,0,18648,20687,0.97,0.88,0,0,0.99,0.01,0.11,100,100,1,0,0,0,1,1,0,0,DoS
0,tcp,http,OTH,580,0,0,0,0,2,6,0,0,0,0,1,0,0.67,2,6,1,0,0.29,0.67,0,0,0,0,FoT
0,tcp,http,OTH,283,0,0,0,0,132,113,0,0,0,0,0.48,0.52,0.43,43,34,0.42,0.58,0.09,0.47,0,0,0,0,DoS_Gas
0,tcp,http,OTH,278,0,0,0,0,9,77,0,0,0,0,1,0,0.88,9,77,1,0,0.37,0.88,0,0,0,0,OaU
0,tcp,http,OTH,355,0,0,0,0,385,419,0,0,0,0,0.61,0.39,0.44,40,13,0.2,0.8,0.21,0.38,0,0,0,0,FoT
0,tcp,http,OTH,278,0,0,0,0,5,446,0,0,0,0,1,0,0.99,3,53,1,0,0.39,0.94,0,0,0,0,OaU
0,tcp,http,OTH,54,0,0,0,0,228,370,0,0,0,0,0.34,0.66,0.79,15,62,0.8,0.2,0.4,0.81,0,0,0,0,DoS_Gas
0,tcp,http,OTH,210,0,0,0,0,531,853,0,0,0,0,0.93,0.07,0.42,54,96,0.96,0.04,0.11,0.46,0,0,0,0,DoS_Gas
0,tcp,http,OTH,60,0,0,0,0,37996,38199,0,0,0,0,1,0,0.01,100,99,0.99,0.01,0,0,0,0,0,0,DoS
0,tcp,http,OTH,283,0,0,0,0,100,75,0,0,0,0,0.46,0.54,0.39,46,24,0.35,0.65,0.04,0.33,0,0,0,0,DoS_Gas
0,tcp,http,OTH,54,0,0,0,0,203,300,0,0,0,0,0.31,0.69,0.79,50,43,0.32,0.68,0.41,0.63,0,0,0,0,DoS_Gas
0,tcp,http,OTH,210,0,0,0,0,238,335,0,0,0,0,0.84,0.16,0.4,48,52,0.67,0.33,0.02,0.38,0,0,0,0,DoS_Gas
0,tcp,http,OTH,210,0,0,0,0,134,119,0,0,0,0,0.53,0.47,0.4,43,21,0.28,0.72,0.14,0.43,0,0,0,0,FoT
0,tcp,http,OTH,60,0,0,0,0,35998,36021,0,0,0,0,1,0,0,100,100,1,0,0,0,0,0,0,0,DoS
0,udp,other,SF,60,0,0,0,0,22314,22268,0,0,0,0,0.99,0.01,0,100,100,1,0,0,0,0,0,0,0,DoS
0,tcp,http,OTH,210,0,0,0,0,685,1082,0,0,0,0,0.86,0.14,0.46,52,100,1,0,0.01,0.48,0,0,0,0,OaU
0,tcp,http,OTH,60,0,0,0,0,4937,4929,0,0,0,0,1,0,0,100,100,1,0,0,0,0,0,0,0,DoS
0,tcp,http,OTH,278,0,0,0,0,33,244,0,0,0,0,1,0,0.86,8,51,1,0,0.33,0.84,0,0,0,0,FoT
0,tcp,http,OTH,60,0,0,0,0,11086,20995,0,0,0,0,1,0,0.47,55,100,1,0,0,0.45,0,0,0,0,DoS
0,tcp,http,OTH,283,0,0,0,0,85,134,0,0,0,0,0.92,0.08,0.42,55,90,0.91,0.09,0.07,0.44,0,0,0,0,DoS_Gas
0,tcp,http,OTH,321,0,0,0,0,5,84,0,0,0,0,1,0,0.94,5,76,1,0,0.39,0.93,0,0,0,0,BP
0,tcp,http,OTH,580,0,0,0,0,202,878,0,0,0,0,1,0,0.77,37,100,1,0,0.46,0.63,0,0,0,0,FoT
0,tcp,http,OTH,210,0,0,0,0,248,338,0,0,0,0,0.83,0.17,0.39,55,82,0.82,0.18,0.06,0.45,0,0,0,0,DoS_Gas
0,tcp,http,OTH,54,0,0,0,0,42,97,0,0,0,0,0.31,0.69,0.87,9,56,0,1,0.42,1,0,0,0,0,FoT
0,tcp,http,OTH,54,0,0,0,0,59,377,0,0,0,0,1,0,0.84,4,57,1,0,0.36,0.93,0,0,0,0,DoS_Gas
0,tcp,http,OTH,54,0,0,0,0,344,832,0,0,0,0,0.44,0.56,0.82,23,47,0.13,0.87,0.29,0.94,0,0,0,0,FoT
0,tcp,http,OTH,283,0,0,0,0,242,271,0,0,0,0,0.65,0.35,0.42,53,87,0.92,0.08,0,0.44,0,0,0,0,OaU
0,tcp,http,OTH,210,0,0,0,0,601,697,0,0,0,0,0.68,0.32,0.41,48,78,0.92,0.08,0.04,0.44,0,0,0,0,DoS_Gas
0,tcp,http,OTH,580,0,0,0,0,48,158,0,0,0,0,0.27,0.73,0.92,15,74,0.87,0.13,0.4,0.82,0,0,0,0,DoS_Gas
0,tcp,http,OTH,54,0,0,0,0,0,39762,0,0,0,0,0,0,1,0,100,0,0,0.47,1,0,0,0,0,DoS
0,tcp,http,OTH,283,0,0,0,0,245,315,0,0,0,0,0.79,0.21,0.39,52,68,0.73,0.27,0,0.44,0,0,0,0,OaU
0,tcp,http,OTH,278,0,0,0,0,113,191,0,0,0,0,0.29,0.71,0.83,35,51,0.14,0.86,0.46,0.9,0,0,0,0,DoS_Gas
0,tcp,http,OTH,60,0,0,0,0,516,782,0,0,0,0,0.86,0.14,0.43,54,94,0.94,0.06,0.08,0.46,0,0,0,0,DoS_Gas
0,tcp,http,OTH,54,0,0,0,0,6,213,0,0,0,0,1,0,0.97,2,85,1,0,0.36,0.98,0,0,0,0,BP
0,tcp,http,OTH,60,0,0,0,0,346,506,0,0,0,0,0.83,0.17,0.43,53,94,0.96,0.04,0.02,0.46,0,0,0,0,DoS_Gas
0,tcp,http,S1,60,58,0,0,0,512,2688,0.29,0.05,0,0,0.9,0.1,0.83,100,100,1,0,0,0,1,1,0,0,DoS
0,tcp,http,OTH,60,0,0,0,0,94,84,0,0,0,0,0.53,0.47,0.4,48,34,0.42,0.58,0,0.41,0,0,0,0,FoT
0,tcp,http,OTH,278,0,0,0,0,48,92,0,0,0,0,0.31,0.69,0.84,36,22,0.14,0.86,0.26,0.77,0,0,0,0,DoS_Gas
0,tcp,http,OTH,60,0,0,0,0,6815,6805,0,0,0,0,1,0,0,100,100,1,0,0,0,0,0,0,0,DoS
0,tcp,http,OTH,278,0,0,0,0,34,34,0,0,0,0,0.44,0.56,0.56,34,34,0.44,0.56,0.43,0.56,0,0,0,0,FoT
0,tcp,http,OTH,278,0,0,0,0,161,751,0,0,0,0,1,0,0.79,31,83,1,0,0.43,0.63,0,0,0,0,FoT
0,udp,other,SF,60,0,0,0,0,26297,26444,0,0,0,0,0.99,0.01,0.01,77,77,1,0,0,0,0,0,0,0,DoS
0,udp,other,SF,60,0,0,0,0,41924,41931,0,0,0,0,0.99,0.01,0.01,100,100,1,0,0,0,0,0,0,0,DoS
0,tcp,http,OTH,54,0,0,0,0,12,280,0,0,0,0,1,0,0.96,2,76,1,0,0.43,0.97,0,0,0,0,BP
0,tcp,http,OTH,278,0,0,0,0,10,96,0,0,0,0,1,0,0.9,10,74,1,0,0.47,0.86,0,0,0,0,OaU
0,tcp,http,OTH,54,0,0,0,0,3,7,0,0,0,0,0,1,1,3,7,0,1,0.12,1,0,0,0,0,FoT
0,tcp,http,OTH,278,0,0,0,0,5,13,0,0,0,0,0.6,0.4,0.77,5,13,0.6,0.4,0.43,0.77,0,0,0,0,FoT
0,tcp,http,OTH,278,0,0,0,0,129,278,0,0,0,0,0.49,0.51,0.77,21,84,0.81,0.19,0.47,0.8,0,0,0,0,FoT
0,tcp,http,OTH,278,0,0,0,0,79,467,0,0,0,0,1,0,0.83,19,88,1,0,0.44,0.78,0,0,0,0,FoT
0,tcp,http,OTH,60,0,0,0,0,124,179,0,0,0,0,0.83,0.17,0.42,53,96,0.96,0.04,0.02,0.47,0,0,0,0,OaU
0,tcp,http,OTH,54,0,0,0,0,106,434,0,0,0,0,1,0,0.76,26,95,1,0,0.45,0.73,0,0,0,0,DoS_Gas
0,tcp,http,S1,60,58,0,0,0,33861,36005,0.99,0.93,0,0,1,0,0.06,100,100,1,0,0,0,1,1,0,0,DoS
0,tcp,http,S1,60,58,0,0,0,47874,47959,0.99,0.99,0,0,1,0,0,100,100,1,0,0,0,1,1,0,0,DoS
0,udp,other,SF,60,0,0,0,0,16510,16502,0,0,0,0,0.99,0.01,0.01,100,100,1,0,0,0,0,0,0,0,DoS
0,tcp,http,OTH,278,0,0,0,0,326,1044,0,0,0,0,0.63,0.37,0.8,5,94,0.8,0.2,0.38,0.96,0,0,0,0,FoT
0,tcp,http,OTH,210,0,0,0,0,131,129,0,0,0,0,0.53,0.47,0.47,41,15,0.2,0.8,0.06,0.47,0,0,0,0,FoT
0,tcp,http,OTH,54,0,0,0,0,12,341,0,0,0,0,1,0,0.96,12,84,1,0,0.44,0.86,0,0,0,0,OaU
0,tcp,http,OTH,60,0,0,0,0,34036,34043,0,0,0,0,1,0,0,100,100,1,0,0,0,0,0,0,0,DoS
0,tcp,http,OTH,54,0,0,0,0,26,319,0,0,0,0,1,0,0.92,0,85,0,0,0.34,1,0,0,0,0,DoS_Gas
0,tcp,http,OTH,283,0,0,0,0,123,156,0,0,0,0,0.7,0.3,0.45,46,35,0.48,0.52,0,0.37,0,0,0,0,FoT
0,tcp,http,OTH,210,0,0,0,0,346,200,0,0,0,0,0.34,0.66,0.42,49,20,0.27,0.73,0.05,0.35,0,0,0,0,DoS_Gas
0,tcp,http,OTH,277,0,0,0,0,7,376,0,0,0,0,1,0,0.98,7,76,1,0,0.42,0.91,0,0,0,0,OaU
0,tcp,http,OTH,283,0,0,0,0,168,265,0,0,0,0,0.83,0.17,0.47,52,81,0.85,0.15,0.11,0.46,0,0,0,0,DoS_Gas
0,tcp,http,OTH,283,0,0,0,0,276,363,0,0,0,0,0.77,0.23,0.41,53,77,0.83,0.17,0,0.43,0,0,0,0,OaU
0,tcp,http,OTH,210,0,0,0,0,878,1379,0,0,0,0,0.93,0.07,0.41,63,89,0.9,0.1,0.01,0.36,0,0,0,0,FoT
0,tcp,http,OTH,60,0,0,0,0,17254,17267,0,0,0,0,1,0,0,98,100,1,0,0,0.02,0,0,0,0,DoS
0,tcp,http,OTH,60,0,0,0,0,17674,33466,0,0,0,0,0.99,0.01,0.47,53,100,1,0,0,0.47,0,0,0,0,DoS
0,tcp,http,OTH,283,0,0,0,0,661,1094,0,0,0,0,0.92,0.08,0.45,52,100,1,0,0.02,0.48,0,0,0,0,DoS_Gas
0,tcp,http,OTH,210,0,0,0,0,293,286,0,0,0,0,0.6,0.4,0.38,60,86,0.92,0.08,0.01,0.36,0,0,0,0,OaU
0,tcp,http,OTH,278,0,0,0,0,5,11,0,0,0,0,1,0,0.55,5,11,1,0,0.42,0.55,0,0,0,0,OaU
0,tcp,http,OTH,283,0,0,0,0,211,237,0,0,0,0,0.66,0.34,0.41,54,84,0.89,0.11,0.04,0.43,0,0,0,0,DoS_Gas
0,udp,other,SF,60,0,0,0,0,70763,70749,0,0,0,0,1,0,0,100,100,1,0,0,0,0,0,0,0,DoS
0,udp,other,SF,60,0,0,0,0,43369,43083,0,0,0,0,0.99,0.01,0,100,100,1,0,0,0,0,0,0,0,DoS
0,tcp,http,OTH,54,0,0,0,0,40,175,0,0,0,0,1,0,0.77,20,90,1,0,0.43,0.78,0,0,0,0,DoS_Gas
0,tcp,http,S1,60,58,0,0,0,27066,27081,0.99,0.99,0,0,0.99,0.01,0.01,100,100,1,0,0,0,1,1,0,0,DoS
0,udp,other,SF,60,0,0,0,0,28390,28261,0,0,0,0,0.99,0.01,0,100,100,1,0,0,0,0,0,0,0,DoS
0,tcp,http,OTH,60,0,0,0,0,285,380,0,0,0,0,0.73,0.27,0.45,54,83,0.83,0.17,0.1,0.46,0,0,0,0,OaU
0,tcp,http,OTH,210,0,0,0,0,92,98,0,0,0,0,0.64,0.36,0.4,56,67,0.73,0.27,0.09,0.39,0,0,0,0,FoT
0,tcp,http,OTH,210,0,0,0,0,319,408,0,0,0,0,0.74,0.26,0.42,57,71,0.72,0.28,0.08,0.42,0,0,0,0,FoT
0,tcp,http,OTH,278,0,0,0,0,98,104,0,0,0,0,0.19,0.81,0.82,35,50,0.49,0.51,0.45,0.66,0,0,0,0,FoT
0,tcp,http,OTH,54,0,0,0,0,19,48,0,0,0,0,0.74,0.26,0.71,19,48,0.74,0.26,0.35,0.71,0,0,0,0,DoS_Gas
0,udp,other,SF,60,0,0,0,0,45384,45362,0,0,0,0,1,0,0,100,100,1,0,0,0,0,0,0,0,DoS
0,tcp,http,OTH,278,0,0,0,0,23,138,0,0,0,0,0.78,0.22,0.87,16,87,0.88,0.12,0.43,0.84,0,0,0,0,FoT
0,tcp,http,OTH,579,0,0,0,0,29,175,0,0,0,0,1,0,0.83,14,84,1,0,0.41,0.83,0,0,0,0,FoT
0,tcp,http,OTH,54,0,0,0,0,10,73,0,0,0,0,1,0,0.86,10,66,1,0,0.45,0.85,0,0,0,0,DoS_Gas
0,tcp,http,OTH,54,0,0,0,0,151,288,0,0,0,0,0.12,0.88,0.94,20,76,0.5,0.5,0.48,0.87,0,0,0,0,FoT
0,tcp,http,OTH,54,0,0,0,0,48,111,0,0,0,0,0.21,0.79,0.91,46,38,0.22,0.78,0.38,0.74,0,0,0,0,FoT
0,tcp,http,OTH,60,0,0,0,0,669,1055,0,0,0,0,0.85,0.15,0.46,50,100,1,0,0.08,0.5,0,0,0,0,OaU
0,tcp,http,OTH,283,0,0,0,0,11,12,0,0,0,0,0.64,0.36,0.42,11,12,0.64,0.36,0,0.42,0,0,0,0,DoS_Gas
0,tcp,http,OTH,54,0,0,0,0,92,361,0,0,0,0,0.43,0.57,0.89,17,83,0.82,0.18,0.42,0.83,0,0,0,0,DoS_Gas
0,tcp,http,OTH,283,0,0,0,0,333,308,0,0,0,0,0.54,0.46,0.41,45,50,0.6,0.4,0.16,0.46,0,0,0,0,DoS_Gas
0,tcp,http,OTH,283,0,0,0,0,109,115,0,0,0,0,0.66,0.34,0.37,61,67,0.7,0.3,0.06,0.36,0,0,0,0,BP
0,tcp,http,OTH,54,0,0,0,0,168,1063,0,0,0,0,1,0,0.84,6,81,1,0,0.38,0.93,0,0,0,0,DoS_Gas
0,tcp,http,OTH,60,0,0,0,0,827,1107,0,0,0,0,0.78,0.22,0.42,52,95,0.94,0.06,0,0.48,0,0,0,0,DoS_Gas
0,tcp,http,OTH,278,0,0,0,0,81,248,0,0,0,0,0.48,0.52,0.84,27,93,0.93,0.07,0.41,0.73,0,0,0,0,FoT
0,tcp,http,OTH,54,0,0,0,0,4,13,0,0,0,0,1,0,0.69,4,13,1,0,0.29,0.69,0,0,0,0,FoT
0,tcp,http,OTH,210,0,0,0,0,699,1064,0,0,0,0,0.9,0.1,0.41,65,87,0.89,0.11,0.02,0.33,0,0,0,0,DoS_Gas
0,tcp,http,OTH,210,0,0,0,0,292,322,0,0,0,0,0.63,0.37,0.43,47,41,0.53,0.47,0.07,0.39,0,0,0,0,FoT
0,tcp,http,OTH,283,0,0,0,0,274,378,0,0,0,0,0.83,0.17,0.4,55,89,0.93,0.07,0.03,0.43,0,0,0,0,FoT
0,tcp,http,OTH,283,0,0,0,0,328,340,0,0,0,0,0.65,0.35,0.38,61,67,0.69,0.31,0,0.37,0,0,0,0,OaU
0,tcp,http,OTH,278,0,0,0,0,305,864,0,0,0,0,0.53,0.47,0.81,30,84,0.77,0.23,0.41,0.73,0,0,0,0,FoT
0,tcp,http,OTH,278,0,0,0,0,111,187,0,0,0,0,0.28,0.72,0.83,33,51,0.09,0.91,0.44,0.94,0,0,0,0,DoS_Gas
0,tcp,http,OTH,283,0,0,0,0,1213,1723,0,0,0,0,0.84,0.16,0.41,49,69,0.78,0.22,0,0.45,0,0,0,0,FoT
0,tcp,http,OTH,283,0,0,0,0,25,9,0,0,0,0,0.28,0.72,0.22,25,9,0.28,0.72,0.3,0.22,0,0,0,0,FoT
0,tcp,http,OTH,283,0,0,0,0,113,108,0,0,0,0,0.54,0.46,0.44,54,54,0.56,0.44,0.16,0.44,0,0,0,0,FoT
0,tcp,http,OTH,210,0,0,0,0,465,597,0,0,0,0,0.79,0.21,0.39,65,89,0.92,0.08,0.02,0.33,0,0,0,0,DoS_Gas
0,tcp,http,OTH,278,0,0,0,0,122,491,0,0,0,0,1,0,0.75,34,91,1,0,0.48,0.63,0,0,0,0,DoS_Gas
0,tcp,http,OTH,210,0,0,0,0,161,134,0,0,0,0,0.49,0.51,0.41,46,42,0.5,0.5,0.21,0.45,0,0,0,0,DoS_Gas
0,tcp,http,OTH,210,0,0,0,0,188,204,0,0,0,0,0.63,0.37,0.42,46,65,0.76,0.24,0.02,0.46,0,0,0,0,FoT
0,tcp,http,S1,60,58,0,0,0,25064,24989,0.99,0.99,0,0,0.99,0.01,0,98,98,1,0,0,0,1,1,0,0,DoS
0,tcp,http,OTH,54,0,0,0,0,0,55258,0,0,0,0,0,0,1,0,100,0,0,0.48,1,0,0,0,0,DoS
0,udp,other,SF,60,0,0,0,0,50819,50669,0,0,0,0,0.99,0.01,0,100,100,1,0,0,0,0,0,0,0,DoS
0,tcp,http,S1,60,58,0,0,0,43259,43419,0.99,0.98,0,0,1,0,0.01,100,100,1,0,0,0,1,1,0,0,DoS
0,udp,other,SF,60,0,0,0,0,2091,2062,0,0,0,0,0.92,0.08,0.06,100,100,1,0,0,0,0,0,0,0,DoS
0,tcp,http,OTH,210,0,0,0,0,400,484,0,0,0,0,0.72,0.28,0.41,54,76,0.8,0.2,0.04,0.43,0,0,0,0,FoT
0,tcp,http,S1,60,0,0,0,0,66141,68236,0.99,0.96,0,0,1,0,0.03,100,100,1,0,0,0,1,1,0,0,DoS
0,tcp,http,OTH,322,0,0,0,0,7,137,0,0,0,0,1,0,0.95,3,52,1,0,0.38,0.94,0,0,0,0,BP
0,udp,other,SF,60,0,0,0,0,44971,44999,0,0,0,0,1,0,0,100,100,1,0,0,0,0,0,0,0,DoS
0,tcp,http,OTH,54,0,0,0,0,0,13866,0,0,0,0,0,0,1,0,100,0,0,0.47,1,0,0,0,0,DoS
0,tcp,http,OTH,60,0,0,0,0,270,366,0,0,0,0,0.79,0.21,0.42,55,75,0.75,0.25,0.03,0.45,0,0,0,0,BP
0,udp,other,SF,60,0,0,0,0,84957,84942,0,0,0,0,1,0,0,100,100,1,0,0,0,0,0,0,0,DoS
0,tcp,http,OTH,54,0,0,0,0,71,433,0,0,0,0,1,0,0.84,14,93,1,0,0.41,0.85,0,0,0,0,FoT
0,tcp,http,OTH,283,0,0,0,0,305,364,0,0,0,0,0.73,0.27,0.38,48,35,0.44,0.56,0.08,0.4,0,0,0,0,FoT
0,tcp,http,OTH,283,0,0,0,0,258,350,0,0,0,0,0.85,0.15,0.37,56,81,0.84,0.16,0.02,0.42,0,0,0,0,OaU
0,tcp,http,OTH,278,0,0,0,0,7,34,0,0,0,0,1,0,0.79,7,34,1,0,0.4,0.79,0,0,0,0,OaU
0,tcp,http,S1,60,58,0,0,0,17257,19239,0.99,0.88,0,0,0.99,0.01,0.11,100,100,1,0,0,0,1,1,0,0,DoS
0,udp,other,SF,60,0,0,0,0,30866,30863,0,0,0,0,0.99,0.01,0.01,100,100,1,0,0,0,0,0,0,0,DoS
0,tcp,http,OTH,278,0,0,0,0,147,265,0,0,0,0,0.36,0.64,0.8,20,47,0.45,0.55,0.42,0.81,0,0,0,0,DoS_Gas
0,tcp,http,OTH,210,0,0,0,0,403,363,0,0,0,0,0.54,0.46,0.4,46,20,0.3,0.7,0.14,0.3,0,0,0,0,DoS_Gas
0,tcp,http,S1,60,58,0,0,0,9260,11556,0.92,0.74,0,0,0.99,0.01,0.21,100,100,1,0,0,0,1,1,0,0,DoS
0,udp,other,SF,60,0,0,0,0,43728,43678,0,0,0,0,1,0,0,100,100,1,0,0,0,0,0,0,0,DoS
0,tcp,http,OTH,278,0,0,0,0,37,90,0,0,0,0,0.05,0.95,0.98,35,36,0.06,0.94,0.3,0.94,0,0,0,0,FoT
0,tcp,http,OTH,283,0,0,0,0,118,169,0,0,0,0,0.85,0.15,0.41,46,60,0.72,0.28,0.08,0.45,0,0,0,0,FoT
0,tcp,http,OTH,60,0,0,0,0,74,99,0,0,0,0,0.72,0.28,0.46,53,66,0.66,0.34,0.03,0.47,0,0,0,0,DoS_Gas
0,tcp,http,S1,25592,1933,0,0,0,242,260,0,0,0,0,0.65,0.35,0.4,43,45,0.58,0.42,0,0.44,0,0,0,0,OaU
0,tcp,http,OTH,60,0,0,0,0,546,784,0,0,0,0,0.86,0.14,0.4,55,92,0.93,0.07,0.02,0.45,0,0,0,0,DoS_Gas
0,tcp,http,OTH,283,0,0,0,0,92,65,0,0,0,0,0.38,0.62,0.46,57,40,0.37,0.63,0.1,0.47,0,0,0,0,DoS_Gas
0,tcp,http,OTH,54,0,0,0,0,10,58,0,0,0,0,1,0,0.83,10,44,1,0,0.44,0.77,0,0,0,0,OaU
0,tcp,http,S1,60,58,0,0,0,40302,42333,0.99,0.94,0,0,0.99,0.01,0.05,99,99,1,0,0,0,1,1,0,0,DoS
0,tcp,http,OTH,210,0,0,0,0,124,102,0,0,0,0,0.48,0.52,0.41,49,32,0.37,0.63,0.12,0.44,0,0,0,0,DoS_Gas
0,tcp,http,OTH,60,0,0,0,0,13210,13197,0,0,0,0,1,0,0,99,99,1,0,0,0,0,0,0,0,DoS
0,tcp,http,OTH,54,0,0,0,0,23,19,0,0,0,0,0.26,0.74,0.68,23,19,0.26,0.74,0.35,0.68,0,0,0,0,FoT
0,tcp,http,OTH,60,0,0,0,0,21036,40040,0,0,0,0,1,0,0.48,52,100,1,0,0,0.48,0,0,0,0,DoS
0,udp,other,SF,60,0,0,0,0,1268,935,0,0,0,0,0.69,0.31,0.06,100,100,1,0,0,0,0,0,0,0,DoS
0,tcp,http,OTH,60,0,0,0,0,40137,40178,0,0,0,0,1,0,0,100,100,1,0,0,0,0,0,0,0,DoS
0,tcp,http,OTH,283,0,0,0,0,124,77,0,0,0,0,0.33,0.67,0.47,44,16,0.2,0.8,0,0.44,0,0,0,0,OaU
0,tcp,http,OTH,54,0,0,0,0,26,167,0,0,0,0,1,0,0.84,7,56,1,0,0.37,0.88,0,0,0,0,FoT
0,tcp,http,OTH,60,0,0,0,0,419,542,0,0,0,0,0.78,0.22,0.39,63,92,0.95,0.05,0.04,0.35,0,0,0,0,OaU
0,tcp,http,S1,60,58,0,0,0,51541,53695,0.99,0.95,0,0,1,0,0.04,100,100,1,0,0,0,1,1,0,0,DoS
0,tcp,http,OTH,278,0,0,0,0,96,279,0,0,0,0,0.5,0.5,0.83,38,75,0.58,0.42,0.39,0.71,0,0,0,0,FoT
0,tcp,http,OTH,54,0,0,0,0,12,307,0,0,0,0,1,0,0.96,2,77,1,0,0.33,0.97,0,0,0,0,BP
0,tcp,http,S1,60,58,0,0,0,56290,58287,0.99,0.96,0,0,1,0,0.04,100,100,1,0,0,0,1,1,0,0,DoS
0,tcp,http,OTH,278,0,0,0,0,158,226,0,0,0,0,0.21,0.79,0.85,30,59,0.37,0.63,0.4,0.81,0,0,0,0,FoT
0,tcp,http,OTH,54,0,0,0,0,1,2,0,0,0,0,0,1,1,1,2,0,1,0,1,0,0,0,0,FoT
0,tcp,http,OTH,60,0,0,0,0,26745,26723,0,0,0,0,1,0,0,100,99,0.99,0.01,0,0,0,0,0,0,DoS
0,tcp,http,OTH,54,0,0,0,0,136,406,0,0,0,0,0.49,0.51,0.83,20,67,0.2,0.8,0.28,0.94,0,0,0,0,FoT
0,tcp,http,OTH,278,0,0,0,0,191,621,0,0,0,0,0.61,0.39,0.81,30,93,0.83,0.17,0.38,0.73,0,0,0,0,FoT
0,tcp,http,OTH,54,0,0,0,0,0,25992,0,0,0,0,0,0,1,0,98,0,0,0.45,1,0,0,0,0,DoS
0,udp,other,SF,60,0,0,0,0,26234,26177,0,0,0,0,0.99,0.01,0,100,100,1,0,0,0,0,0,0,0,DoS
0,tcp,http,OTH,355,0,0,0,0,209,295,0,0,0,0,0.86,0.14,0.39,61,88,0.9,0.1,0.09,0.38,0,0,0,0,FoT
0,tcp,http,OTH,278,0,0,0,0,50,432,0,0,0,0,1,0,0.88,4,99,1,0,0.39,0.96,0,0,0,0,DoS_Gas
0,tcp,http,OTH,278,0,0,0,0,17,61,0,0,0,0,1,0,0.72,17,61,1,0,0.42,0.72,0,0,0,0,DoS_Gas
0,tcp,http,S1,60,58,0,0,0,69793,69827,0.99,0.99,0,0,1,0,0,100,100,1,0,0,0,1,1,0,0,DoS
0,tcp,http,OTH,210,0,0,0,0,183,208,0,0,0,0,0.64,0.36,0.43,46,65,0.72,0.28,0.02,0.49,0,0,0,0,DoS_Gas
0,tcp,http,OTH,283,0,0,0,0,128,163,0,0,0,0,0.74,0.26,0.42,47,40,0.45,0.55,0,0.47,0,0,0,0,FoT
0,udp,other,SF,60,0,0,0,0,72143,71993,0,0,0,0,1,0,0,100,100,1,0,0,0,0,0,0,0,DoS
0,tcp,http,S1,60,58,0,0,0,75030,77212,0.99,0.96,0,0,1,0,0.03,100,100,1,0,0,0,1,1,0,0,DoS
0,tcp,http,OTH,283,0,0,0,0,403,500,0,0,0,0,0.73,0.27,0.41,59,93,0.93,0.07,0.02,0.41,0,0,0,0,FoT
0,tcp,http,OTH,278,0,0,0,0,118,761,0,0,0,0,1,0,0.84,25,94,1,0,0.44,0.73,0,0,0,0,DoS_Gas
0,tcp,http,OTH,54,0,0,0,0,0,21183,0,0,0,0,0,0,1,0,100,0,0,0.49,1,0,0,0,0,DoS
0,tcp,http,OTH,60,0,0,0,0,220,184,0,0,0,0,0.49,0.51,0.42,47,61,0.7,0.3,0.08,0.46,0,0,0,0,FoT
0,tcp,http,OTH,60,0,0,0,0,401,439,0,0,0,0,0.64,0.36,0.41,41,32,0.49,0.51,0,0.38,0,0,0,0,DoS_Gas
0,tcp,http,OTH,60,0,0,0,0,128,97,0,0,0,0,0.42,0.58,0.44,48,42,0.5,0.5,0.19,0.43,0,0,0,0,DoS_Gas
0,tcp,http,OTH,54,0,0,0,0,8,78,0,0,0,0,1,0,0.9,4,33,1,0,0.35,0.88,0,0,0,0,BP
0,tcp,http,OTH,278,0,0,0,0,152,280,0,0,0,0,0.36,0.64,0.81,40,51,0.28,0.72,0.44,0.78,0,0,0,0,FoT
0,tcp,http,OTH,54,0,0,0,0,0,16414,0,0,0,0,0,0,1,0,100,0,0,0.48,1,0,0,0,0,DoS
0,tcp,http,OTH,283,0,0,0,0,195,241,0,0,0,0,0.71,0.29,0.43,59,72,0.73,0.27,0.05,0.4,0,0,0,0,BP
0,tcp,http,OTH,54,0,0,0,0,82,227,0,0,0,0,0.38,0.62,0.86,11,84,0.55,0.45,0.38,0.93,0,0,0,0,FoT
0,tcp,http,OTH,323,0,0,0,0,291,782,0,0,0,0,0.5,0.5,0.81,33,88,0.82,0.18,0.39,0.69,0,0,0,0,FoT
0,tcp,http,OTH,60,0,0,0,0,46039,45988,0,0,0,0,1,0,0,100,100,1,0,0,0,0,0,0,0,DoS
0,tcp,http,OTH,60,0,0,0,0,5886,5888,0,0,0,0,1,0,0,100,100,1,0,0,0,0,0,0,0,DoS
0,tcp,http,OTH,578,0,0,0,0,76,239,0,0,0,0,1,0,0.68,48,99,1,0,0.48,0.52,0,0,0,0,OaU
0,tcp,http,OTH,279,0,0,0,0,2,4,0,0,0,0,1,0,0.5,2,4,1,0,0.4,0.5,0,0,0,0,DoS_Gas
0,tcp,http,S1,60,58,0,0,0,3475,3567,0.92,0.89,0,0,0.98,0.02,0.05,100,100,1,0,0,0,1,1,0,0,DoS
0,tcp,http,OTH,60,0,0,0,0,847,1108,0,0,0,0,0.78,0.22,0.41,54,83,0.89,0.11,0.02,0.42,0,0,0,0,FoT
0,tcp,http,OTH,54,0,0,0,0,163,588,0,0,0,0,0.7,0.3,0.81,10,86,0.8,0.2,0.36,0.91,0,0,0,0,FoT
0,tcp,http,OTH,283,0,0,0,0,296,362,0,0,0,0,0.73,0.27,0.4,59,99,1,0,0,0.4,0,0,0,0,OaU
0,tcp,http,OTH,60,0,0,0,0,50012,50064,0,0,0,0,1,0,0,98,98,0.99,0.01,0,0.01,0,0,0,0,DoS
0,tcp,http,OTH,278,0,0,0,0,22,21,0,0,0,0,0.32,0.68,0.67,22,21,0.32,0.68,0.32,0.67,0,0,0,0,FoT
0,tcp,http,OTH,283,0,0,0,0,210,275,0,0,0,0,0.77,0.23,0.41,64,87,0.88,0.12,0.01,0.36,0,0,0,0,BP
0,tcp,http,OTH,60,0,0,0,0,15055,28528,0,0,0,0,0.99,0.01,0.47,53,100,1,0,0,0.47,0,0,0,0,DoS
0,tcp,http,OTH,54,0,0,0,0,33,223,0,0,0,0,1,0,0.85,33,98,1,0,0.48,0.66,0,0,0,0,OaU
0,tcp,http,OTH,283,0,0,0,0,198,238,0,0,0,0,0.73,0.27,0.39,56,70,0.75,0.25,0.04,0.4,0,0,0,0,FoT
0,tcp,http,OTH,210,0,0,0,0,99,75,0,0,0,0,0.45,0.55,0.4,40,38,0.5,0.5,0.28,0.47,0,0,0,0,FoT
0,tcp,http,OTH,578,0,0,0,0,208,1081,0,0,0,0,1,0,0.81,39,97,1,0,0.41,0.6,0,0,0,0,FoT
0,udp,other,SF,60,0,0,0,0,46747,46768,0,0,0,0,1,0,0,100,100,1,0,0,0,0,0,0,0,DoS
0,tcp,http,OTH,54,0,0,0,0,113,269,0,0,0,0,0.29,0.71,0.88,22,33,0.14,0.86,0.35,0.91,0,0,0,0,FoT
0,tcp,http,OTH,283,0,0,0,0,338,429,0,0,0,0,0.78,0.22,0.38,59,85,0.9,0.1,0,0.38,0,0,0,0,DoS_Gas
0,tcp,http,OTH,283,0,0,0,0,4,2,0,0,0,0,0.25,0.75,0.5,4,2,0.25,0.75,0,0.5,0,0,0,0,DoS_Gas
0,tcp,http,OTH,283,0,0,0,0,170,220,0,0,0,0,0.77,0.23,0.4,63,81,0.89,0.11,0.05,0.31,0,0,0,0,FoT
0,tcp,http,OTH,54,0,0,0,0,0,37737,0,0,0,0,0,0,1,0,100,0,0,0.49,1,0,0,0,0,DoS
0,tcp,http,OTH,283,0,0,0,0,774,1159,0,0,0,0,0.88,0.12,0.41,62,83,0.85,0.15,0.07,0.36,0,0,0,0,FoT
0,tcp,http,OTH,210,0,0,0,0,188,207,0,0,0,0,0.61,0.39,0.44,52,59,0.65,0.35,0.07,0.42,0,0,0,0,DoS_Gas
0,tcp,http,S1,60,58,0,0,0,30065,32042,0.99,0.93,0,0,1,0,0.07,100,100,1,0,0,0,1,1,0,0,DoS
